;Portfolio;Counterparty;Balance_J;Balance_J_1;Variation;Seuil declenchement;Seuil_respecte;Appel_declenche;Sens_appel;Balance_apres_appel;Fonds_monetaires_initial;Fonds_monetaires_utilises;Fonds_monetaires_restant;Obligations_liquides_initial;Obligations_liquides_utilisees;Obligations_liquides_restantes;Cash_deficit_couvert_par_fonds;Cash_deficit_couvert_par_obligations;Futures_augmentent_cash;Futures_couverts_par_fonds;Futures_couverts_par_cash;Futures_couverts_par_obligations;Options_augmentent_cash;Options_couverts_par_fonds;Options_couverts_par_cash;Options_couverts_par_obligations;Liability_total;Liability_couverts_par_fonds;Liability_couverts_par_cash;Liability_couverts_par_obligations;Liability_augmentent_cash;Cash_initial;Cash_disponible;Cash_utilise;Cash_restant;Alerte
0;300128;BNP PARIBAS;0.0;0.0;0.0;100000.0;True;False;Aucun appel;0.0;0.0;0.0;0.0;360057197.9775578;792482.4976200005;357623952.05209523;0.0;0.0;0.0;0.0;0.0;666476.5301000003;0.0;0.0;0.0;126005.96752000012;0.0;0.0;0.0;0.0;0.0;0.0;0.0;0.0;0.0;
1;300128;CITIBANK EUROPE PUBLIC LIMITED COMPANY;322963.4088655279;339186.9639952739;-16223.555129746033;100000.0;True;False;Aucun appel;339186.9639952739;0.0;0.0;0.0;360057197.9775578;0.0;357623952.05209523;0.0;0.0;0.0;0.0;0.0;0.0;0.0;0.0;0.0;0.0;0.0;0.0;0.0;0.0;0.0;0.0;0.0;0.0;0.0;
2;300128;CREDIT AGRICOLE CORPORATE AND INVESTMENT BANK;37517.288961919985;41935.2877312322;-4417.998769312217;100000.0;True;False;Aucun appel;41935.2877312322;0.0;0.0;0.0;360057197.9775578;0.0;357623952.05209523;0.0;0.0;0.0;0.0;0.0;0.0;0.0;0.0;0.0;0.0;0.0;0.0;0.0;0.0;0.0;0.0;0.0;0.0;0.0;
3;300128;CREDIT SUISSE SECURITIES SOCIEDAD DE VALORES S.A.;0.0;0.0;0.0;100000.0;True;False;Aucun appel;0.0;0.0;0.0;0.0;360057197.9775578;0.0;357623952.05209523;0.0;0.0;0.0;0.0;0.0;0.0;0.0;0.0;0.0;0.0;0.0;0.0;0.0;0.0;0.0;0.0;0.0;0.0;0.0;
4;300128;Citigroup Global Markets Europe AG;0.0;0.0;0.0;100000.0;True;False;Aucun appel;0.0;0.0;0.0;0.0;360057197.9775578;0.0;357623952.05209523;0.0;0.0;0.0;0.0;0.0;0.0;0.0;0.0;0.0;0.0;0.0;0.0;0.0;0.0;0.0;0.0;0.0;0.0;0.0;
5;300128;DEUTSCHE BANK AKTIENGESELLSCHAFT;0.0;0.0;0.0;100000.0;True;False;Aucun appel;0.0;0.0;0.0;0.0;360057197.9775578;0.0;357623952.05209523;0.0;0.0;0.0;0.0;0.0;0.0;0.0;0.0;0.0;0.0;0.0;0.0;0.0;0.0;0.0;0.0;0.0;0.0;0.0;
6;300128;GOLDMAN SACHS BANK EUROPE SE;-665832.2823309314;-718031.6292094949;52199.34687856352;100000.0;True;False;Aucun appel;-718031.6292094949;0.0;0.0;0.0;360057197.9775578;0.0;357623952.05209523;0.0;0.0;0.0;0.0;0.0;0.0;0.0;0.0;0.0;0.0;0.0;0.0;0.0;0.0;0.0;0.0;0.0;0.0;0.0;
7;300128;GOLDMAN SACHS INTERNATIONAL;0.0;0.0;0.0;100000.0;True;False;Aucun appel;0.0;0.0;0.0;0.0;360057197.9775578;0.0;357623952.05209523;0.0;0.0;0.0;0.0;0.0;0.0;0.0;0.0;0.0;0.0;0.0;0.0;0.0;0.0;0.0;0.0;0.0;0.0;0.0;
8;300128;GOLDMAN SACHS INTERNATIONAL  PARIS BRANCH;698230.1441594755;734100.6039042261;-35870.45974475064;0.0;False;True;Groupama poste;698230.1441594755;0.0;0.0;0.0;360057197.9775578;35870.45974475064;357623952.05209523;0.0;0.0;0.0;0.0;0.0;0.0;0.0;0.0;0.0;0.0;0.0;0.0;0.0;0.0;0.0;0.0;0.0;0.0;0.0;
9;300128;HSBC CONTINENTAL EUROPE;0.0;0.0;0.0;100000.0;True;False;Aucun appel;0.0;0.0;0.0;0.0;360057197.9775578;0.0;357623952.05209523;0.0;0.0;0.0;0.0;0.0;0.0;0.0;0.0;0.0;0.0;0.0;0.0;0.0;0.0;0.0;0.0;0.0;0.0;0.0;
10;300128;J.P. MORGAN SECURITIES LIMITED;0.0;0.0;0.0;100000.0;True;False;Aucun appel;0.0;0.0;0.0;0.0;360057197.9775578;0.0;357623952.05209523;0.0;0.0;0.0;0.0;0.0;0.0;0.0;0.0;0.0;0.0;0.0;0.0;0.0;0.0;0.0;0.0;0.0;0.0;0.0;
11;300128;JP MORGAN SE;574444.1176311857;631577.4280351038;-57133.31040391815;100000.0;True;False;Aucun appel;631577.4280351038;0.0;0.0;0.0;360057197.9775578;0.0;357623952.05209523;0.0;0.0;0.0;0.0;0.0;0.0;0.0;0.0;0.0;0.0;0.0;0.0;0.0;0.0;0.0;0.0;0.0;0.0;0.0;
12;300128;MORGAN STANLEY EUROPE SE;222086.59257483765;1826979.5606726408;-1604892.9680978032;100000.0;False;True;Groupama poste;222086.59257483762;0.0;0.0;0.0;360057197.9775578;1604892.9680978032;357623952.05209523;0.0;0.0;0.0;0.0;0.0;0.0;0.0;0.0;0.0;0.0;0.0;0.0;0.0;0.0;0.0;0.0;0.0;0.0;0.0;
13;300128;NATIXIS;-20552.83999999985;-20552.83999999985;0.0;100000.0;True;False;Aucun appel;-20552.83999999985;0.0;0.0;0.0;360057197.9775578;0.0;357623952.05209523;0.0;0.0;0.0;0.0;0.0;0.0;0.0;0.0;0.0;0.0;0.0;0.0;0.0;0.0;0.0;0.0;0.0;0.0;0.0;
14;300128;ROYAL BANK OF CANADA FX;0.0;0.0;0.0;0.0;True;False;Aucun appel;0.0;0.0;0.0;0.0;360057197.9775578;0.0;357623952.05209523;0.0;0.0;0.0;0.0;0.0;0.0;0.0;0.0;0.0;0.0;0.0;0.0;0.0;0.0;0.0;0.0;0.0;0.0;0.0;
15;300128;ROYAL BANK OF CANADA PARIS BRANCH;0.0;0.0;0.0;100000.0;True;False;Aucun appel;0.0;0.0;0.0;0.0;360057197.9775578;0.0;357623952.05209523;0.0;0.0;0.0;0.0;0.0;0.0;0.0;0.0;0.0;0.0;0.0;0.0;0.0;0.0;0.0;0.0;0.0;0.0;0.0;
16;300128;SOCIETE GENERALE;0.0;0.0;0.0;100000.0;True;False;Aucun appel;0.0;0.0;0.0;0.0;360057197.9775578;0.0;357623952.05209523;0.0;0.0;0.0;0.0;0.0;0.0;0.0;0.0;0.0;0.0;0.0;0.0;0.0;0.0;0.0;0.0;0.0;0.0;0.0;
17;300128;State Street Bank International GmbH;0.0;0.0;0.0;100000.0;True;False;Aucun appel;0.0;0.0;0.0;0.0;360057197.9775578;0.0;357623952.05209523;0.0;0.0;0.0;0.0;0.0;0.0;0.0;0.0;0.0;0.0;0.0;0.0;0.0;0.0;0.0;0.0;0.0;0.0;0.0;
18;300154;BNP PARIBAS;0.0;0.0;0.0;100000.0;True;False;Aucun appel;0.0;240776.71080861872;240776.71080861872;0.0;0.0;0.0;0.0;0.0;0.0;486165.3520825203;0.0;0.0;0.0;29372.323655079283;0.0;0.0;0.0;16449603.933874745;240776.71080861872;515537.6757375996;0.0;0.0;515537.6757375996;515537.6757375996;515537.6757375996;0.0;cash insuffisant (liability : 15 693 289.55)
19;300154;CREDIT AGRICOLE CORPORATE AND INVESTMENT BANK;0.0;0.0;0.0;100000.0;True;False;Aucun appel;0.0;240776.71080861872;0.0;0.0;0.0;0.0;0.0;0.0;0.0;0.0;0.0;0.0;0.0;0.0;0.0;0.0;0.0;16449603.933874745;0.0;0.0;0.0;0.0;515537.6757375996;515537.6757375996;0.0;0.0;
20;300154;CREDIT SUISSE INTERNATIONAL FX;0.0;0.0;0.0;100000.0;True;False;Aucun appel;0.0;240776.71080861872;0.0;0.0;0.0;0.0;0.0;0.0;0.0;0.0;0.0;0.0;0.0;0.0;0.0;0.0;0.0;16449603.933874745;0.0;0.0;0.0;0.0;515537.6757375996;515537.6757375996;0.0;0.0;
21;300154;GOLDMAN SACHS INTERNATIONAL;0.0;0.0;0.0;100000.0;True;False;Aucun appel;0.0;240776.71080861872;0.0;0.0;0.0;0.0;0.0;0.0;0.0;0.0;0.0;0.0;0.0;0.0;0.0;0.0;0.0;16449603.933874745;0.0;0.0;0.0;0.0;515537.6757375996;515537.6757375996;0.0;0.0;
22;300154;HSBC CONTINENTAL EUROPE;0.0;0.0;0.0;100000.0;True;False;Aucun appel;0.0;240776.71080861872;0.0;0.0;0.0;0.0;0.0;0.0;0.0;0.0;0.0;0.0;0.0;0.0;0.0;0.0;0.0;16449603.933874745;0.0;0.0;0.0;0.0;515537.6757375996;515537.6757375996;0.0;0.0;
23;300154;J.P. MORGAN SECURITIES LIMITED;0.0;0.0;0.0;100000.0;True;False;Aucun appel;0.0;240776.71080861872;0.0;0.0;0.0;0.0;0.0;0.0;0.0;0.0;0.0;0.0;0.0;0.0;0.0;0.0;0.0;16449603.933874745;0.0;0.0;0.0;0.0;515537.6757375996;515537.6757375996;0.0;0.0;
24;300154;JP MORGAN SE;0.0;0.0;0.0;100000.0;True;False;Aucun appel;0.0;240776.71080861872;0.0;0.0;0.0;0.0;0.0;0.0;0.0;0.0;0.0;0.0;0.0;0.0;0.0;0.0;0.0;16449603.933874745;0.0;0.0;0.0;0.0;515537.6757375996;515537.6757375996;0.0;0.0;
25;300154;MORGAN STANLEY EUROPE SE;0.0;0.0;0.0;100000.0;True;False;Aucun appel;0.0;240776.71080861872;0.0;0.0;0.0;0.0;0.0;0.0;0.0;0.0;0.0;0.0;0.0;0.0;0.0;0.0;0.0;16449603.933874745;0.0;0.0;0.0;0.0;515537.6757375996;515537.6757375996;0.0;0.0;
26;300154;NATIXIS;0.0;0.0;0.0;100000.0;True;False;Aucun appel;0.0;240776.71080861872;0.0;0.0;0.0;0.0;0.0;0.0;0.0;0.0;0.0;0.0;0.0;0.0;0.0;0.0;0.0;16449603.933874745;0.0;0.0;0.0;0.0;515537.6757375996;515537.6757375996;0.0;0.0;
27;300154;ROYAL BANK OF CANADA FX;0.0;0.0;0.0;100000.0;True;False;Aucun appel;0.0;240776.71080861872;0.0;0.0;0.0;0.0;0.0;0.0;0.0;0.0;0.0;0.0;0.0;0.0;0.0;0.0;0.0;16449603.933874745;0.0;0.0;0.0;0.0;515537.6757375996;515537.6757375996;0.0;0.0;
28;300154;ROYAL BANK OF CANADA PARIS BRANCH;0.0;0.0;0.0;100000.0;True;False;Aucun appel;0.0;240776.71080861872;0.0;0.0;0.0;0.0;0.0;0.0;0.0;0.0;0.0;0.0;0.0;0.0;0.0;0.0;0.0;16449603.933874745;0.0;0.0;0.0;0.0;515537.6757375996;515537.6757375996;0.0;0.0;
29;300154;SOCIETE GENERALE;0.0;0.0;0.0;100000.0;True;False;Aucun appel;0.0;240776.71080861872;0.0;0.0;0.0;0.0;0.0;0.0;0.0;0.0;0.0;0.0;0.0;0.0;0.0;0.0;0.0;16449603.933874745;0.0;0.0;0.0;0.0;515537.6757375996;515537.6757375996;0.0;0.0;
30;300155;BNP PARIBAS;0.0;0.0;0.0;100000.0;True;False;Aucun appel;0.0;10984955.61223007;7467258.399632527;3517697.2125975434;0.0;0.0;0.0;0.0;0.0;3089089.46093909;0.0;0.0;0.0;11309.262914338353;0.0;0.0;0.0;18511403.765599232;7467258.399632527;11044145.365966706;0.0;0.0;11044145.365966706;11044145.365966706;11044145.365966706;0.0;
31;300155;CITIBANK EUROPE PUBLIC LIMITED COMPANY;0.0;0.0;0.0;100000.0;True;False;Aucun appel;0.0;10984955.61223007;0.0;3517697.2125975434;0.0;0.0;0.0;0.0;0.0;0.0;0.0;0.0;0.0;0.0;0.0;0.0;0.0;18511403.765599232;0.0;0.0;0.0;0.0;11044145.365966706;11044145.365966706;0.0;0.0;
32;300155;CREDIT AGRICOLE CORPORATE AND INVESTMENT BANK;0.0;0.0;0.0;100000.0;True;False;Aucun appel;0.0;10984955.61223007;0.0;3517697.2125975434;0.0;0.0;0.0;0.0;0.0;0.0;0.0;0.0;0.0;0.0;0.0;0.0;0.0;18511403.765599232;0.0;0.0;0.0;0.0;11044145.365966706;11044145.365966706;0.0;0.0;
33;300155;CREDIT SUISSE INTERNATIONAL FX;0.0;0.0;0.0;100000.0;True;False;Aucun appel;0.0;10984955.61223007;0.0;3517697.2125975434;0.0;0.0;0.0;0.0;0.0;0.0;0.0;0.0;0.0;0.0;0.0;0.0;0.0;18511403.765599232;0.0;0.0;0.0;0.0;11044145.365966706;11044145.365966706;0.0;0.0;
34;300155;GOLDMAN SACHS INTERNATIONAL;0.0;0.0;0.0;100000.0;True;False;Aucun appel;0.0;10984955.61223007;0.0;3517697.2125975434;0.0;0.0;0.0;0.0;0.0;0.0;0.0;0.0;0.0;0.0;0.0;0.0;0.0;18511403.765599232;0.0;0.0;0.0;0.0;11044145.365966706;11044145.365966706;0.0;0.0;
35;300155;HSBC CONTINENTAL EUROPE;0.0;0.0;0.0;100000.0;True;False;Aucun appel;0.0;10984955.61223007;0.0;3517697.2125975434;0.0;0.0;0.0;0.0;0.0;0.0;0.0;0.0;0.0;0.0;0.0;0.0;0.0;18511403.765599232;0.0;0.0;0.0;0.0;11044145.365966706;11044145.365966706;0.0;0.0;
36;300155;J.P. MORGAN SECURITIES LIMITED;0.0;0.0;0.0;100000.0;True;False;Aucun appel;0.0;10984955.61223007;0.0;3517697.2125975434;0.0;0.0;0.0;0.0;0.0;0.0;0.0;0.0;0.0;0.0;0.0;0.0;0.0;18511403.765599232;0.0;0.0;0.0;0.0;11044145.365966706;11044145.365966706;0.0;0.0;
37;300155;JP MORGAN SE;0.0;0.0;0.0;100000.0;True;False;Aucun appel;0.0;10984955.61223007;0.0;3517697.2125975434;0.0;0.0;0.0;0.0;0.0;0.0;0.0;0.0;0.0;0.0;0.0;0.0;0.0;18511403.765599232;0.0;0.0;0.0;0.0;11044145.365966706;11044145.365966706;0.0;0.0;
38;300155;MORGAN STANLEY EUROPE SE;0.0;0.0;0.0;100000.0;True;False;Aucun appel;0.0;10984955.61223007;0.0;3517697.2125975434;0.0;0.0;0.0;0.0;0.0;0.0;0.0;0.0;0.0;0.0;0.0;0.0;0.0;18511403.765599232;0.0;0.0;0.0;0.0;11044145.365966706;11044145.365966706;0.0;0.0;
39;300155;NATIXIS;0.0;0.0;0.0;100000.0;True;False;Aucun appel;0.0;10984955.61223007;0.0;3517697.2125975434;0.0;0.0;0.0;0.0;0.0;0.0;0.0;0.0;0.0;0.0;0.0;0.0;0.0;18511403.765599232;0.0;0.0;0.0;0.0;11044145.365966706;11044145.365966706;0.0;0.0;
40;300155;ROYAL BANK OF CANADA FX;0.0;0.0;0.0;100000.0;True;False;Aucun appel;0.0;10984955.61223007;0.0;3517697.2125975434;0.0;0.0;0.0;0.0;0.0;0.0;0.0;0.0;0.0;0.0;0.0;0.0;0.0;18511403.765599232;0.0;0.0;0.0;0.0;11044145.365966706;11044145.365966706;0.0;0.0;
41;300155;ROYAL BANK OF CANADA PARIS BRANCH;0.0;0.0;0.0;100000.0;True;False;Aucun appel;0.0;10984955.61223007;0.0;3517697.2125975434;0.0;0.0;0.0;0.0;0.0;0.0;0.0;0.0;0.0;0.0;0.0;0.0;0.0;18511403.765599232;0.0;0.0;0.0;0.0;11044145.365966706;11044145.365966706;0.0;0.0;
42;300155;SOCIETE GENERALE;0.0;0.0;0.0;100000.0;True;False;Aucun appel;0.0;10984955.61223007;0.0;3517697.2125975434;0.0;0.0;0.0;0.0;0.0;0.0;0.0;0.0;0.0;0.0;0.0;0.0;0.0;18511403.765599232;0.0;0.0;0.0;0.0;11044145.365966706;11044145.365966706;0.0;0.0;
43;300155;State Street Bank International GmbH;-336785.25816801476;-378788.29549605754;42003.03732804279;100000.0;True;False;Aucun appel;-378788.29549605754;10984955.61223007;0.0;3517697.2125975434;0.0;0.0;0.0;0.0;0.0;0.0;0.0;0.0;0.0;0.0;0.0;0.0;0.0;18511403.765599232;0.0;0.0;0.0;0.0;11044145.365966706;11044145.365966706;0.0;0.0;
44;300156;BNP PARIBAS;0.0;0.0;0.0;100000.0;True;False;Aucun appel;0.0;29665587.718579344;0.0;29665587.718579344;0.0;0.0;0.0;0.0;0.0;2807193.0222197953;0.0;0.0;0.0;0.0;0.0;29352.47370370401;0.0;-153076.2869256535;0.0;0.0;0.0;153076.2869256535;6851364.865216878;6851364.865216878;29352.47370370401;6975088.678438828;
45;300156;CREDIT AGRICOLE CORPORATE AND INVESTMENT BANK;0.0;0.0;0.0;100000.0;True;False;Aucun appel;0.0;29665587.718579344;0.0;29665587.718579344;0.0;0.0;0.0;0.0;0.0;0.0;0.0;0.0;0.0;0.0;0.0;0.0;0.0;-153076.2869256535;0.0;0.0;0.0;0.0;6851364.865216878;6851364.865216878;0.0;6975088.678438828;
46;300156;CREDIT SUISSE INTERNATIONAL FX;0.0;0.0;0.0;100000.0;True;False;Aucun appel;0.0;29665587.718579344;0.0;29665587.718579344;0.0;0.0;0.0;0.0;0.0;0.0;0.0;0.0;0.0;0.0;0.0;0.0;0.0;-153076.2869256535;0.0;0.0;0.0;0.0;6851364.865216878;6851364.865216878;0.0;6975088.678438828;
47;300156;GOLDMAN SACHS INTERNATIONAL;0.0;0.0;0.0;100000.0;True;False;Aucun appel;0.0;29665587.718579344;0.0;29665587.718579344;0.0;0.0;0.0;0.0;0.0;0.0;0.0;0.0;0.0;0.0;0.0;0.0;0.0;-153076.2869256535;0.0;0.0;0.0;0.0;6851364.865216878;6851364.865216878;0.0;6975088.678438828;
48;300156;HSBC CONTINENTAL EUROPE;0.0;0.0;0.0;100000.0;True;False;Aucun appel;0.0;29665587.718579344;0.0;29665587.718579344;0.0;0.0;0.0;0.0;0.0;0.0;0.0;0.0;0.0;0.0;0.0;0.0;0.0;-153076.2869256535;0.0;0.0;0.0;0.0;6851364.865216878;6851364.865216878;0.0;6975088.678438828;
49;300156;J.P. MORGAN SECURITIES LIMITED;0.0;0.0;0.0;100000.0;True;False;Aucun appel;0.0;29665587.718579344;0.0;29665587.718579344;0.0;0.0;0.0;0.0;0.0;0.0;0.0;0.0;0.0;0.0;0.0;0.0;0.0;-153076.2869256535;0.0;0.0;0.0;0.0;6851364.865216878;6851364.865216878;0.0;6975088.678438828;
50;300156;JP MORGAN SE;0.0;0.0;0.0;100000.0;True;False;Aucun appel;0.0;29665587.718579344;0.0;29665587.718579344;0.0;0.0;0.0;0.0;0.0;0.0;0.0;0.0;0.0;0.0;0.0;0.0;0.0;-153076.2869256535;0.0;0.0;0.0;0.0;6851364.865216878;6851364.865216878;0.0;6975088.678438828;
51;300156;MORGAN STANLEY EUROPE SE;0.0;0.0;0.0;100000.0;True;False;Aucun appel;0.0;29665587.718579344;0.0;29665587.718579344;0.0;0.0;0.0;0.0;0.0;0.0;0.0;0.0;0.0;0.0;0.0;0.0;0.0;-153076.2869256535;0.0;0.0;0.0;0.0;6851364.865216878;6851364.865216878;0.0;6975088.678438828;
52;300156;NATIXIS;-282045.0049755225;-317210.33855224244;35165.33357671992;100000.0;True;False;Aucun appel;-317210.33855224244;29665587.718579344;0.0;29665587.718579344;0.0;0.0;0.0;0.0;0.0;0.0;0.0;0.0;0.0;0.0;0.0;0.0;0.0;-153076.2869256535;0.0;0.0;0.0;0.0;6851364.865216878;6851364.865216878;0.0;6975088.678438828;
53;300156;ROYAL BANK OF CANADA FX;0.0;0.0;0.0;100000.0;True;False;Aucun appel;0.0;29665587.718579344;0.0;29665587.718579344;0.0;0.0;0.0;0.0;0.0;0.0;0.0;0.0;0.0;0.0;0.0;0.0;0.0;-153076.2869256535;0.0;0.0;0.0;0.0;6851364.865216878;6851364.865216878;0.0;6975088.678438828;
54;300156;ROYAL BANK OF CANADA PARIS BRANCH;0.0;0.0;0.0;100000.0;True;False;Aucun appel;0.0;29665587.718579344;0.0;29665587.718579344;0.0;0.0;0.0;0.0;0.0;0.0;0.0;0.0;0.0;0.0;0.0;0.0;0.0;-153076.2869256535;0.0;0.0;0.0;0.0;6851364.865216878;6851364.865216878;0.0;6975088.678438828;
55;300156;SOCIETE GENERALE;0.0;0.0;0.0;100000.0;True;False;Aucun appel;0.0;29665587.718579344;0.0;29665587.718579344;0.0;0.0;0.0;0.0;0.0;0.0;0.0;0.0;0.0;0.0;0.0;0.0;0.0;-153076.2869256535;0.0;0.0;0.0;0.0;6851364.865216878;6851364.865216878;0.0;6975088.678438828;
56;300156;State Street Bank International GmbH;0.0;0.0;0.0;100000.0;True;False;Aucun appel;0.0;29665587.718579344;0.0;29665587.718579344;0.0;0.0;0.0;0.0;0.0;0.0;0.0;0.0;0.0;0.0;0.0;0.0;0.0;-153076.2869256535;0.0;0.0;0.0;0.0;6851364.865216878;6851364.865216878;0.0;6975088.678438828;
57;300191;BARCLAYS BANK IRELAND PUBLIC LIMITED COMPANY;0.0;0.0;0.0;100000.0;True;False;Aucun appel;0.0;0.0;0.0;0.0;2011286477.435644;0.0;2011286477.435644;0.0;0.0;0.0;0.0;0.0;0.0;0.0;0.0;0.0;0.0;17620954.599606562;0.0;17620954.599606562;0.0;0.0;80031878.4287959;80031878.4287959;17620954.599606562;62410923.829189345;
58;300191;BARCLAYS CAPITAL SECURITIES LTD;0.0;0.0;0.0;100000.0;True;False;Aucun appel;0.0;0.0;0.0;0.0;2011286477.435644;0.0;2011286477.435644;0.0;0.0;0.0;0.0;0.0;0.0;0.0;0.0;0.0;0.0;17620954.599606562;0.0;0.0;0.0;0.0;80031878.4287959;80031878.4287959;0.0;62410923.829189345;
59;300191;BNP PARIBAS;117420.56534289918;-163222.76123445935;280643.32657735853;100000.0;False;True;Contrepartie poste;117420.56534289918;0.0;0.0;0.0;2011286477.435644;0.0;2011286477.435644;0.0;0.0;0.0;0.0;0.0;0.0;0.0;0.0;0.0;0.0;17620954.599606562;0.0;0.0;0.0;0.0;80031878.4287959;80031878.4287959;0.0;62410923.829189345;
60;300191;CITIBANK EUROPE PUBLIC LIMITED COMPANY;0.0;0.0;0.0;100000.0;True;False;Aucun appel;0.0;0.0;0.0;0.0;2011286477.435644;0.0;2011286477.435644;0.0;0.0;0.0;0.0;0.0;0.0;0.0;0.0;0.0;0.0;17620954.599606562;0.0;0.0;0.0;0.0;80031878.4287959;80031878.4287959;0.0;62410923.829189345;
61;300191;CREDIT AGRICOLE CORPORATE AND INVESTMENT BANK;320903.60289082606;320792.16392053023;111.43897029582877;100000.0;True;False;Aucun appel;320792.16392053023;0.0;0.0;0.0;2011286477.435644;0.0;2011286477.435644;0.0;0.0;0.0;0.0;0.0;0.0;0.0;0.0;0.0;0.0;17620954.599606562;0.0;0.0;0.0;0.0;80031878.4287959;80031878.4287959;0.0;62410923.829189345;
62;300191;GOLDMAN SACHS BANK EUROPE SE;0.0;0.0;0.0;100000.0;True;False;Aucun appel;0.0;0.0;0.0;0.0;2011286477.435644;0.0;2011286477.435644;0.0;0.0;0.0;0.0;0.0;0.0;0.0;0.0;0.0;0.0;17620954.599606562;0.0;0.0;0.0;0.0;80031878.4287959;80031878.4287959;0.0;62410923.829189345;
63;300191;HSBC CONTINENTAL EUROPE;0.0;0.0;0.0;100000.0;True;False;Aucun appel;0.0;0.0;0.0;0.0;2011286477.435644;0.0;2011286477.435644;0.0;0.0;0.0;0.0;0.0;0.0;0.0;0.0;0.0;0.0;17620954.599606562;0.0;0.0;0.0;0.0;80031878.4287959;80031878.4287959;0.0;62410923.829189345;
64;300191;JP MORGAN SE;1298.146887051325;1298.0935376039527;0.053349447372283976;250000.0;True;False;Aucun appel;1298.0935376039527;0.0;0.0;0.0;2011286477.435644;0.0;2011286477.435644;0.0;0.0;0.0;0.0;0.0;0.0;0.0;0.0;0.0;0.0;17620954.599606562;0.0;0.0;0.0;0.0;80031878.4287959;80031878.4287959;0.0;62410923.829189345;
65;300191;NATIXIS;262059.02952868718;261986.94232171803;72.08720696915407;100000.0;True;False;Aucun appel;261986.94232171803;0.0;0.0;0.0;2011286477.435644;0.0;2011286477.435644;0.0;0.0;0.0;0.0;0.0;0.0;0.0;0.0;0.0;0.0;17620954.599606562;0.0;0.0;0.0;0.0;80031878.4287959;80031878.4287959;0.0;62410923.829189345;
66;300191;NOMURA FINANCIAL PRODUCTS EUROPE GMBH;-25687.6448798054;-25695.910046808596;8.265167003195529;100000.0;True;False;Aucun appel;-25695.910046808596;0.0;0.0;0.0;2011286477.435644;0.0;2011286477.435644;0.0;0.0;0.0;0.0;0.0;0.0;0.0;0.0;0.0;0.0;17620954.599606562;0.0;0.0;0.0;0.0;80031878.4287959;80031878.4287959;0.0;62410923.829189345;
67;300191;SOCIETE GENERALE;-42457.15723560358;-42465.01078220226;7.853546598678804;100000.0;True;False;Aucun appel;-42465.01078220226;0.0;0.0;0.0;2011286477.435644;0.0;2011286477.435644;0.0;0.0;0.0;0.0;0.0;0.0;0.0;0.0;0.0;0.0;17620954.599606562;0.0;0.0;0.0;0.0;80031878.4287959;80031878.4287959;0.0;62410923.829189345;
68;300193;BNP PARIBAS;4580176.533828787;11852894.536725651;-7272718.002896865;100000.0;False;True;Groupama poste;4580176.533828787;30927608.488500003;0.0;30927608.488500003;200350294.5588417;0.0;200350294.5588417;0.0;0.0;217925.90424000018;0.0;0.0;0.0;0.0;0.0;0.0;0.0;0.0;0.0;0.0;0.0;0.0;12202374.504901212;12202374.504901212;7272718.002896865;4777996.2925863555;
69;300193;CREDIT AGRICOLE CORPORATE AND INVESTMENT BANK;0.0;0.0;0.0;100000.0;True;False;Aucun appel;0.0;30927608.488500003;0.0;30927608.488500003;200350294.5588417;0.0;200350294.5588417;0.0;0.0;0.0;0.0;0.0;0.0;0.0;0.0;0.0;0.0;0.0;0.0;0.0;0.0;0.0;12202374.504901212;12202374.504901212;0.0;4777996.2925863555;
70;300193;DEUTSCHE BANK AKTIENGESELLSCHAFT;0.0;0.0;0.0;100000.0;True;False;Aucun appel;0.0;30927608.488500003;0.0;30927608.488500003;200350294.5588417;0.0;200350294.5588417;0.0;0.0;0.0;0.0;0.0;0.0;0.0;0.0;0.0;0.0;0.0;0.0;0.0;0.0;0.0;12202374.504901212;12202374.504901212;0.0;4777996.2925863555;
71;300193;GOLDMAN SACHS INTERNATIONAL;0.0;0.0;0.0;100000.0;True;False;Aucun appel;0.0;30927608.488500003;0.0;30927608.488500003;200350294.5588417;0.0;200350294.5588417;0.0;0.0;0.0;0.0;0.0;0.0;0.0;0.0;0.0;0.0;0.0;0.0;0.0;0.0;0.0;12202374.504901212;12202374.504901212;0.0;4777996.2925863555;
72;300193;JP MORGAN SE;0.0;0.0;0.0;100000.0;True;False;Aucun appel;0.0;30927608.488500003;0.0;30927608.488500003;200350294.5588417;0.0;200350294.5588417;0.0;0.0;0.0;0.0;0.0;0.0;0.0;0.0;0.0;0.0;0.0;0.0;0.0;0.0;0.0;12202374.504901212;12202374.504901212;0.0;4777996.2925863555;
73;300193;MORGAN STANLEY EUROPE SE;1390961.653528944;1542621.862946935;-151660.2094179911;100000.0;False;True;Groupama poste;1390961.653528944;30927608.488500003;0.0;30927608.488500003;200350294.5588417;0.0;200350294.5588417;0.0;0.0;0.0;0.0;0.0;0.0;0.0;0.0;0.0;0.0;0.0;0.0;0.0;0.0;0.0;12202374.504901212;12202374.504901212;151660.2094179911;4777996.2925863555;
74;300193;NATIXIS;0.0;0.0;0.0;100000.0;True;False;Aucun appel;0.0;30927608.488500003;0.0;30927608.488500003;200350294.5588417;0.0;200350294.5588417;0.0;0.0;0.0;0.0;0.0;0.0;0.0;0.0;0.0;0.0;0.0;0.0;0.0;0.0;0.0;12202374.504901212;12202374.504901212;0.0;4777996.2925863555;
75;300193;ROYAL BANK OF CANADA FX;0.0;0.0;0.0;100000.0;True;False;Aucun appel;0.0;30927608.488500003;0.0;30927608.488500003;200350294.5588417;0.0;200350294.5588417;0.0;0.0;0.0;0.0;0.0;0.0;0.0;0.0;0.0;0.0;0.0;0.0;0.0;0.0;0.0;12202374.504901212;12202374.504901212;0.0;4777996.2925863555;
76;300193;ROYAL BANK OF CANADA PARIS BRANCH;0.0;0.0;0.0;100000.0;True;False;Aucun appel;0.0;30927608.488500003;0.0;30927608.488500003;200350294.5588417;0.0;200350294.5588417;0.0;0.0;0.0;0.0;0.0;0.0;0.0;0.0;0.0;0.0;0.0;0.0;0.0;0.0;0.0;12202374.504901212;12202374.504901212;0.0;4777996.2925863555;
77;300193;SOCIETE GENERALE;0.0;0.0;0.0;100000.0;True;False;Aucun appel;0.0;30927608.488500003;0.0;30927608.488500003;200350294.5588417;0.0;200350294.5588417;0.0;0.0;0.0;0.0;0.0;0.0;0.0;0.0;0.0;0.0;0.0;0.0;0.0;0.0;0.0;12202374.504901212;12202374.504901212;0.0;4777996.2925863555;
78;300203;BARCLAYS CAPITAL SECURITIES LTD;0.0;0.0;0.0;100000.0;True;False;Aucun appel;0.0;0.0;0.0;0.0;4430480550.89505;346783282.8533415;4083697268.0417085;0.0;0.0;0.0;0.0;0.0;0.0;0.0;0.0;0.0;0.0;346783282.8533415;0.0;0.0;346783282.8533415;0.0;0.0;0.0;0.0;0.0;
79;300203;BNP PARIBAS;170180.78908350092;170109.95365267753;70.83543082338292;100000.0;True;False;Aucun appel;170109.95365267753;0.0;0.0;0.0;4430480550.89505;0.0;4083697268.0417085;0.0;0.0;0.0;0.0;0.0;0.0;0.0;0.0;0.0;0.0;346783282.8533415;0.0;0.0;0.0;0.0;0.0;0.0;0.0;0.0;
80;300203;CITIBANK EUROPE PUBLIC LIMITED COMPANY;-42861.95535016601;-42849.15385043162;-12.801499734392564;100000.0;True;False;Aucun appel;-42849.15385043162;0.0;0.0;0.0;4430480550.89505;0.0;4083697268.0417085;0.0;0.0;0.0;0.0;0.0;0.0;0.0;0.0;0.0;0.0;346783282.8533415;0.0;0.0;0.0;0.0;0.0;0.0;0.0;0.0;
81;300203;CREDIT AGRICOLE CORPORATE AND INVESTMENT BANK;483742.20957368636;483557.0016021346;185.2079715517466;100000.0;True;False;Aucun appel;483557.0016021346;0.0;0.0;0.0;4430480550.89505;0.0;4083697268.0417085;0.0;0.0;0.0;0.0;0.0;0.0;0.0;0.0;0.0;0.0;346783282.8533415;0.0;0.0;0.0;0.0;0.0;0.0;0.0;0.0;
82;300203;HSBC CONTINENTAL EUROPE;0.0;0.0;0.0;100000.0;True;False;Aucun appel;0.0;0.0;0.0;0.0;4430480550.89505;0.0;4083697268.0417085;0.0;0.0;0.0;0.0;0.0;0.0;0.0;0.0;0.0;0.0;346783282.8533415;0.0;0.0;0.0;0.0;0.0;0.0;0.0;0.0;
83;300203;JP MORGAN SE;-2987.4434976141624;-2986.840656419655;-0.6028411945076186;100000.0;True;False;Aucun appel;-2986.840656419655;0.0;0.0;0.0;4430480550.89505;0.0;4083697268.0417085;0.0;0.0;0.0;0.0;0.0;0.0;0.0;0.0;0.0;0.0;346783282.8533415;0.0;0.0;0.0;0.0;0.0;0.0;0.0;0.0;
84;300203;NATIXIS;129165.40883051301;129095.47103889575;69.93779161726707;100000.0;True;False;Aucun appel;129095.47103889575;0.0;0.0;0.0;4430480550.89505;0.0;4083697268.0417085;0.0;0.0;0.0;0.0;0.0;0.0;0.0;0.0;0.0;0.0;346783282.8533415;0.0;0.0;0.0;0.0;0.0;0.0;0.0;0.0;
85;300203;NOMURA FINANCIAL PRODUCTS EUROPE GMBH;-99397.39989828637;-99376.92904484994;-20.470853436432662;100000.0;True;False;Aucun appel;-99376.92904484994;0.0;0.0;0.0;4430480550.89505;0.0;4083697268.0417085;0.0;0.0;0.0;0.0;0.0;0.0;0.0;0.0;0.0;0.0;346783282.8533415;0.0;0.0;0.0;0.0;0.0;0.0;0.0;0.0;
86;300203;SOCIETE GENERALE;-191461.5761095495;-191416.59893126035;-44.97717828914756;100000.0;True;False;Aucun appel;-191416.59893126035;0.0;0.0;0.0;4430480550.89505;0.0;4083697268.0417085;0.0;0.0;0.0;0.0;0.0;0.0;0.0;0.0;0.0;0.0;346783282.8533415;0.0;0.0;0.0;0.0;0.0;0.0;0.0;0.0;
87;300208;BARCLAYS BANK IRELAND PUBLIC LIMITED COMPANY;0.0;0.0;0.0;100000.0;True;False;Aucun appel;0.0;0.0;0.0;0.0;4614002306.463211;0.0;4614002306.463211;0.0;0.0;0.0;0.0;0.0;0.0;0.0;0.0;0.0;0.0;144076451.7582974;0.0;144076451.7582974;0.0;0.0;1090880046.6189098;1090880046.6189098;144076451.7582974;946803594.8606124;
88;300208;BNP PARIBAS;-49567.51966141588;-49569.17654797273;1.65688655685517;100000.0;True;False;Aucun appel;-49569.17654797273;0.0;0.0;0.0;4614002306.463211;0.0;4614002306.463211;0.0;0.0;0.0;0.0;0.0;0.0;0.0;0.0;0.0;0.0;144076451.7582974;0.0;0.0;0.0;0.0;1090880046.6189098;1090880046.6189098;0.0;946803594.8606124;
89;300208;CITIBANK EUROPE PUBLIC LIMITED COMPANY;-51574.41844632764;-51573.07746970384;-1.3409766237964504;100000.0;True;False;Aucun appel;-51573.07746970384;0.0;0.0;0.0;4614002306.463211;0.0;4614002306.463211;0.0;0.0;0.0;0.0;0.0;0.0;0.0;0.0;0.0;0.0;144076451.7582974;0.0;0.0;0.0;0.0;1090880046.6189098;1090880046.6189098;0.0;946803594.8606124;
90;300208;CREDIT AGRICOLE CORPORATE AND INVESTMENT BANK;523897.8724570686;523712.2598884724;185.61256859620335;100000.0;True;False;Aucun appel;523712.2598884724;0.0;0.0;0.0;4614002306.463211;0.0;4614002306.463211;0.0;0.0;0.0;0.0;0.0;0.0;0.0;0.0;0.0;0.0;144076451.7582974;0.0;0.0;0.0;0.0;1090880046.6189098;1090880046.6189098;0.0;946803594.8606124;
91;300208;HSBC CONTINENTAL EUROPE;0.0;0.0;0.0;100000.0;True;False;Aucun appel;0.0;0.0;0.0;0.0;4614002306.463211;0.0;4614002306.463211;0.0;0.0;0.0;0.0;0.0;0.0;0.0;0.0;0.0;0.0;144076451.7582974;0.0;0.0;0.0;0.0;1090880046.6189098;1090880046.6189098;0.0;946803594.8606124;
92;300208;JP MORGAN SE;7150.832292831603;7149.970343915327;0.8619489162756508;100000.0;True;False;Aucun appel;7149.970343915327;0.0;0.0;0.0;4614002306.463211;0.0;4614002306.463211;0.0;0.0;0.0;0.0;0.0;0.0;0.0;0.0;0.0;0.0;144076451.7582974;0.0;0.0;0.0;0.0;1090880046.6189098;1090880046.6189098;0.0;946803594.8606124;
93;300208;NATIXIS;361109.3436364799;360972.6862130321;136.65742344781756;100000.0;True;False;Aucun appel;360972.6862130321;0.0;0.0;0.0;4614002306.463211;0.0;4614002306.463211;0.0;0.0;0.0;0.0;0.0;0.0;0.0;0.0;0.0;0.0;144076451.7582974;0.0;0.0;0.0;0.0;1090880046.6189098;1090880046.6189098;0.0;946803594.8606124;
94;300208;NOMURA FINANCIAL PRODUCTS EUROPE GMBH;-126543.82330048559;-126523.1933343254;-20.62996616018063;100000.0;True;False;Aucun appel;-126523.1933343254;0.0;0.0;0.0;4614002306.463211;0.0;4614002306.463211;0.0;0.0;0.0;0.0;0.0;0.0;0.0;0.0;0.0;0.0;144076451.7582974;0.0;0.0;0.0;0.0;1090880046.6189098;1090880046.6189098;0.0;946803594.8606124;
95;300208;SOCIETE GENERALE;-20417.195083160972;-20427.40795616486;10.2128730038894;100000.0;True;False;Aucun appel;-20427.40795616486;0.0;0.0;0.0;4614002306.463211;0.0;4614002306.463211;0.0;0.0;0.0;0.0;0.0;0.0;0.0;0.0;0.0;0.0;144076451.7582974;0.0;0.0;0.0;0.0;1090880046.6189098;1090880046.6189098;0.0;946803594.8606124;
96;300406;BNP PARIBAS;-656294.0461703101;-738102.2874930623;81808.2413227522;100000.0;True;False;Aucun appel;-738102.2874930623;28103114.676925447;0.0;28103114.676925447;0.0;0.0;0.0;0.0;0.0;4738208.977933708;0.0;0.0;0.0;0.0;0.0;0.0;0.0;-50805668.10681994;0.0;0.0;0.0;50805668.10681994;52840268.26683007;52840268.26683007;0.0;103645936.37365001;
97;300406;CREDIT AGRICOLE CORPORATE AND INVESTMENT BANK;0.0;0.0;0.0;100000.0;True;False;Aucun appel;0.0;28103114.676925447;0.0;28103114.676925447;0.0;0.0;0.0;0.0;0.0;0.0;0.0;0.0;0.0;0.0;0.0;0.0;0.0;-50805668.10681994;0.0;0.0;0.0;0.0;52840268.26683007;52840268.26683007;0.0;103645936.37365001;
98;300406;GOLDMAN SACHS BANK EUROPE SE;0.0;0.0;0.0;100000.0;True;False;Aucun appel;0.0;28103114.676925447;0.0;28103114.676925447;0.0;0.0;0.0;0.0;0.0;0.0;0.0;0.0;0.0;0.0;0.0;0.0;0.0;-50805668.10681994;0.0;0.0;0.0;0.0;52840268.26683007;52840268.26683007;0.0;103645936.37365001;
99;300406;GOLDMAN SACHS INTERNATIONAL;0.0;0.0;0.0;100000.0;True;False;Aucun appel;0.0;28103114.676925447;0.0;28103114.676925447;0.0;0.0;0.0;0.0;0.0;0.0;0.0;0.0;0.0;0.0;0.0;0.0;0.0;-50805668.10681994;0.0;0.0;0.0;0.0;52840268.26683007;52840268.26683007;0.0;103645936.37365001;
100;300406;JP MORGAN SE;0.0;0.0;0.0;100000.0;True;False;Aucun appel;0.0;28103114.676925447;0.0;28103114.676925447;0.0;0.0;0.0;0.0;0.0;0.0;0.0;0.0;0.0;0.0;0.0;0.0;0.0;-50805668.10681994;0.0;0.0;0.0;0.0;52840268.26683007;52840268.26683007;0.0;103645936.37365001;
101;300406;MORGAN STANLEY EUROPE SE;0.0;0.0;0.0;100000.0;True;False;Aucun appel;0.0;28103114.676925447;0.0;28103114.676925447;0.0;0.0;0.0;0.0;0.0;0.0;0.0;0.0;0.0;0.0;0.0;0.0;0.0;-50805668.10681994;0.0;0.0;0.0;0.0;52840268.26683007;52840268.26683007;0.0;103645936.37365001;
102;300406;NATIXIS;0.0;0.0;0.0;100000.0;True;False;Aucun appel;0.0;28103114.676925447;0.0;28103114.676925447;0.0;0.0;0.0;0.0;0.0;0.0;0.0;0.0;0.0;0.0;0.0;0.0;0.0;-50805668.10681994;0.0;0.0;0.0;0.0;52840268.26683007;52840268.26683007;0.0;103645936.37365001;
103;300406;ROYAL BANK OF CANADA FX;0.0;0.0;0.0;100000.0;True;False;Aucun appel;0.0;28103114.676925447;0.0;28103114.676925447;0.0;0.0;0.0;0.0;0.0;0.0;0.0;0.0;0.0;0.0;0.0;0.0;0.0;-50805668.10681994;0.0;0.0;0.0;0.0;52840268.26683007;52840268.26683007;0.0;103645936.37365001;
104;300406;ROYAL BANK OF CANADA PARIS BRANCH;0.0;0.0;0.0;100000.0;True;False;Aucun appel;0.0;28103114.676925447;0.0;28103114.676925447;0.0;0.0;0.0;0.0;0.0;0.0;0.0;0.0;0.0;0.0;0.0;0.0;0.0;-50805668.10681994;0.0;0.0;0.0;0.0;52840268.26683007;52840268.26683007;0.0;103645936.37365001;
105;300406;SOCIETE GENERALE;0.0;0.0;0.0;100000.0;True;False;Aucun appel;0.0;28103114.676925447;0.0;28103114.676925447;0.0;0.0;0.0;0.0;0.0;0.0;0.0;0.0;0.0;0.0;0.0;0.0;0.0;-50805668.10681994;0.0;0.0;0.0;0.0;52840268.26683007;52840268.26683007;0.0;103645936.37365001;
106;300406;State Street Bank International GmbH;0.0;0.0;0.0;100000.0;True;False;Aucun appel;0.0;28103114.676925447;0.0;28103114.676925447;0.0;0.0;0.0;0.0;0.0;0.0;0.0;0.0;0.0;0.0;0.0;0.0;0.0;-50805668.10681994;0.0;0.0;0.0;0.0;52840268.26683007;52840268.26683007;0.0;103645936.37365001;
107;300636;BARCLAYS BANK IRELAND PUBLIC LIMITED COMPANY;0.0;0.0;0.0;100000.0;True;False;Aucun appel;0.0;0.0;0.0;0.0;2019334461.4746203;317490113.767044;1701844347.7075763;0.0;0.0;0.0;0.0;0.0;0.0;0.0;0.0;0.0;0.0;317490113.767044;0.0;0.0;317490113.767044;0.0;0.0;0.0;0.0;0.0;
108;300636;BNP PARIBAS;-35291.64241685973;-35290.976119847845;-0.6662970118850353;100000.0;True;False;Aucun appel;-35290.976119847845;0.0;0.0;0.0;2019334461.4746203;0.0;1701844347.7075763;0.0;0.0;0.0;0.0;0.0;0.0;0.0;0.0;0.0;0.0;317490113.767044;0.0;0.0;0.0;0.0;0.0;0.0;0.0;0.0;
109;300636;CITIBANK EUROPE PUBLIC LIMITED COMPANY;-23034.416599288572;-23033.880184962378;-0.5364143261940626;100000.0;True;False;Aucun appel;-23033.880184962378;0.0;0.0;0.0;2019334461.4746203;0.0;1701844347.7075763;0.0;0.0;0.0;0.0;0.0;0.0;0.0;0.0;0.0;0.0;317490113.767044;0.0;0.0;0.0;0.0;0.0;0.0;0.0;0.0;
110;300636;CREDIT AGRICOLE CORPORATE AND INVESTMENT BANK;444859.7765668037;444703.64166770154;156.1348991021514;100000.0;True;False;Aucun appel;444703.64166770154;0.0;0.0;0.0;2019334461.4746203;0.0;1701844347.7075763;0.0;0.0;0.0;0.0;0.0;0.0;0.0;0.0;0.0;0.0;317490113.767044;0.0;0.0;0.0;0.0;0.0;0.0;0.0;0.0;
111;300636;HSBC CONTINENTAL EUROPE;0.0;0.0;0.0;100000.0;True;False;Aucun appel;0.0;0.0;0.0;0.0;2019334461.4746203;0.0;1701844347.7075763;0.0;0.0;0.0;0.0;0.0;0.0;0.0;0.0;0.0;0.0;317490113.767044;0.0;0.0;0.0;0.0;0.0;0.0;0.0;0.0;
112;300636;NATIXIS;273837.56498093734;273753.26311741583;84.30186352151213;100000.0;True;False;Aucun appel;273753.26311741583;0.0;0.0;0.0;2019334461.4746203;0.0;1701844347.7075763;0.0;0.0;0.0;0.0;0.0;0.0;0.0;0.0;0.0;0.0;317490113.767044;0.0;0.0;0.0;0.0;0.0;0.0;0.0;0.0;
113;300636;NOMURA FINANCIAL PRODUCTS EUROPE GMBH;-113824.2399160206;-113810.70473308321;-13.53518293738307;100000.0;True;False;Aucun appel;-113810.70473308321;0.0;0.0;0.0;2019334461.4746203;0.0;1701844347.7075763;0.0;0.0;0.0;0.0;0.0;0.0;0.0;0.0;0.0;0.0;317490113.767044;0.0;0.0;0.0;0.0;0.0;0.0;0.0;0.0;
114;300636;SOCIETE GENERALE;21891.490161761943;21885.104295503854;6.3858662580896635;100000.0;True;False;Aucun appel;21885.104295503854;0.0;0.0;0.0;2019334461.4746203;0.0;1701844347.7075763;0.0;0.0;0.0;0.0;0.0;0.0;0.0;0.0;0.0;0.0;317490113.767044;0.0;0.0;0.0;0.0;0.0;0.0;0.0;0.0;
115;300644;BARCLAYS BANK IRELAND PUBLIC LIMITED COMPANY;0.0;0.0;0.0;100000.0;True;False;Aucun appel;0.0;0.0;0.0;0.0;1978894566.6961992;0.0;1978894566.6961992;0.0;0.0;0.0;0.0;0.0;0.0;0.0;0.0;0.0;0.0;16429412.088020783;0.0;16429412.088020783;0.0;0.0;97113038.75795922;97113038.75795922;16429412.088020783;80683626.66993843;
116;300644;BARCLAYS CAPITAL SECURITIES LTD;0.0;0.0;0.0;100000.0;True;False;Aucun appel;0.0;0.0;0.0;0.0;1978894566.6961992;0.0;1978894566.6961992;0.0;0.0;0.0;0.0;0.0;0.0;0.0;0.0;0.0;0.0;16429412.088020783;0.0;0.0;0.0;0.0;97113038.75795922;97113038.75795922;0.0;80683626.66993843;
117;300644;BNP PARIBAS;117420.59111405165;-163222.77992592202;280643.3710399737;100000.0;False;True;Contrepartie poste;117420.59111405167;0.0;0.0;0.0;1978894566.6961992;0.0;1978894566.6961992;0.0;0.0;0.0;0.0;0.0;0.0;0.0;0.0;0.0;0.0;16429412.088020783;0.0;0.0;0.0;0.0;97113038.75795922;97113038.75795922;0.0;80683626.66993843;
118;300644;CITIBANK EUROPE PUBLIC LIMITED COMPANY;0.0;0.0;0.0;100000.0;True;False;Aucun appel;0.0;0.0;0.0;0.0;1978894566.6961992;0.0;1978894566.6961992;0.0;0.0;0.0;0.0;0.0;0.0;0.0;0.0;0.0;0.0;16429412.088020783;0.0;0.0;0.0;0.0;97113038.75795922;97113038.75795922;0.0;80683626.66993843;
119;300644;CREDIT AGRICOLE CORPORATE AND INVESTMENT BANK;320903.6088831267;320792.1699112938;111.43897183291847;100000.0;True;False;Aucun appel;320792.1699112938;0.0;0.0;0.0;1978894566.6961992;0.0;1978894566.6961992;0.0;0.0;0.0;0.0;0.0;0.0;0.0;0.0;0.0;0.0;16429412.088020783;0.0;0.0;0.0;0.0;97113038.75795922;97113038.75795922;0.0;80683626.66993843;
120;300644;GOLDMAN SACHS BANK EUROPE SE;0.0;0.0;0.0;100000.0;True;False;Aucun appel;0.0;0.0;0.0;0.0;1978894566.6961992;0.0;1978894566.6961992;0.0;0.0;0.0;0.0;0.0;0.0;0.0;0.0;0.0;0.0;16429412.088020783;0.0;0.0;0.0;0.0;97113038.75795922;97113038.75795922;0.0;80683626.66993843;
121;300644;HSBC CONTINENTAL EUROPE;0.0;0.0;0.0;100000.0;True;False;Aucun appel;0.0;0.0;0.0;0.0;1978894566.6961992;0.0;1978894566.6961992;0.0;0.0;0.0;0.0;0.0;0.0;0.0;0.0;0.0;0.0;16429412.088020783;0.0;0.0;0.0;0.0;97113038.75795922;97113038.75795922;0.0;80683626.66993843;
122;300644;JP MORGAN SE;1298.1508862299859;1298.0975366182608;0.05334961172502517;250000.0;True;False;Aucun appel;1298.0975366182608;0.0;0.0;0.0;1978894566.6961992;0.0;1978894566.6961992;0.0;0.0;0.0;0.0;0.0;0.0;0.0;0.0;0.0;0.0;16429412.088020783;0.0;0.0;0.0;0.0;97113038.75795922;97113038.75795922;0.0;80683626.66993843;
123;300644;NATIXIS;262059.0235382394;261986.9363331762;72.08720506317331;100000.0;True;False;Aucun appel;261986.9363331762;0.0;0.0;0.0;1978894566.6961992;0.0;1978894566.6961992;0.0;0.0;0.0;0.0;0.0;0.0;0.0;0.0;0.0;0.0;16429412.088020783;0.0;0.0;0.0;0.0;97113038.75795922;97113038.75795922;0.0;80683626.66993843;
124;300644;NOMURA FINANCIAL PRODUCTS EUROPE GMBH;-25687.646879011114;-25695.91204585547;8.265166844357736;100000.0;True;False;Aucun appel;-25695.91204585547;0.0;0.0;0.0;1978894566.6961992;0.0;1978894566.6961992;0.0;0.0;0.0;0.0;0.0;0.0;0.0;0.0;0.0;0.0;16429412.088020783;0.0;0.0;0.0;0.0;97113038.75795922;97113038.75795922;0.0;80683626.66993843;
125;300644;SOCIETE GENERALE;-42457.169712196315;-42465.023257205416;7.853545009100344;100000.0;True;False;Aucun appel;-42465.023257205416;0.0;0.0;0.0;1978894566.6961992;0.0;1978894566.6961992;0.0;0.0;0.0;0.0;0.0;0.0;0.0;0.0;0.0;0.0;16429412.088020783;0.0;0.0;0.0;0.0;97113038.75795922;97113038.75795922;0.0;80683626.66993843;
126;300645;BNP PARIBAS;-55842.99046603415;-55836.92465278988;-6.0658132442695205;100000.0;True;False;Aucun appel;-55836.92465278988;0.0;0.0;0.0;497181462.9245714;98281156.08801967;398900306.8365517;0.0;0.0;0.0;0.0;0.0;0.0;0.0;0.0;0.0;0.0;98281156.08801965;0.0;0.0;98281156.08801967;0.0;0.0;0.0;0.0;0.0;
127;300645;CITIBANK EUROPE PUBLIC LIMITED COMPANY;-1723.0833246177017;-1722.9440663652992;-0.13925825240244194;100000.0;True;False;Aucun appel;-1722.9440663652992;0.0;0.0;0.0;497181462.9245714;0.0;398900306.8365517;0.0;0.0;0.0;0.0;0.0;0.0;0.0;0.0;0.0;0.0;98281156.08801965;0.0;0.0;0.0;0.0;0.0;0.0;0.0;0.0;
128;300645;CREDIT AGRICOLE CORPORATE AND INVESTMENT BANK;78583.19163592435;78557.44527438669;25.74636153766187;100000.0;True;False;Aucun appel;78557.44527438669;0.0;0.0;0.0;497181462.9245714;0.0;398900306.8365517;0.0;0.0;0.0;0.0;0.0;0.0;0.0;0.0;0.0;0.0;98281156.08801965;0.0;0.0;0.0;0.0;0.0;0.0;0.0;0.0;
129;300645;JP MORGAN SE;47854.646784547134;-46536.723539923536;94391.37032447067;100000.0;True;False;Aucun appel;-46536.723539923536;0.0;0.0;0.0;497181462.9245714;0.0;398900306.8365517;0.0;0.0;0.0;0.0;0.0;0.0;0.0;0.0;0.0;0.0;98281156.08801965;0.0;0.0;0.0;0.0;0.0;0.0;0.0;0.0;
130;300645;NATIXIS;10497.688615746783;10485.637963157935;12.050652588848607;100000.0;True;False;Aucun appel;10485.637963157935;0.0;0.0;0.0;497181462.9245714;0.0;398900306.8365517;0.0;0.0;0.0;0.0;0.0;0.0;0.0;0.0;0.0;0.0;98281156.08801965;0.0;0.0;0.0;0.0;0.0;0.0;0.0;0.0;
131;300645;NOMURA FINANCIAL PRODUCTS EUROPE GMBH;12897.759874546875;12891.667044164775;6.092830382100146;100000.0;True;False;Aucun appel;12891.667044164775;0.0;0.0;0.0;497181462.9245714;0.0;398900306.8365517;0.0;0.0;0.0;0.0;0.0;0.0;0.0;0.0;0.0;0.0;98281156.08801965;0.0;0.0;0.0;0.0;0.0;0.0;0.0;0.0;
132;300645;SOCIETE GENERALE;-19455.98372786264;-19460.400207035716;4.416479173076368;100000.0;True;False;Aucun appel;-19460.400207035716;0.0;0.0;0.0;497181462.9245714;0.0;398900306.8365517;0.0;0.0;0.0;0.0;0.0;0.0;0.0;0.0;0.0;0.0;98281156.08801965;0.0;0.0;0.0;0.0;0.0;0.0;0.0;0.0;
133;300647;BNP PARIBAS;2244286.500948438;5807918.321371248;-3563631.82042281;100000.0;False;True;Groupama poste;2244286.500948438;34693250.451250345;3561571.28640281;31131679.164847534;85555116.35540344;0.0;85555116.35540344;0.0;0.0;2060.534020000021;0.0;0.0;0.0;0.0;0.0;0.0;0.0;0.0;0.0;0.0;0.0;0.0;2060.534020000021;2060.534020000021;2060.534020000021;0.0;
134;300647;CITIBANK EUROPE PUBLIC LIMITED COMPANY;0.0;0.0;0.0;100000.0;True;False;Aucun appel;0.0;34693250.451250345;0.0;31131679.164847534;85555116.35540344;0.0;85555116.35540344;0.0;0.0;0.0;0.0;0.0;0.0;0.0;0.0;0.0;0.0;0.0;0.0;0.0;0.0;0.0;2060.534020000021;2060.534020000021;0.0;0.0;
135;300647;CREDIT AGRICOLE CORPORATE AND INVESTMENT BANK;0.0;0.0;0.0;100000.0;True;False;Aucun appel;0.0;34693250.451250345;0.0;31131679.164847534;85555116.35540344;0.0;85555116.35540344;0.0;0.0;0.0;0.0;0.0;0.0;0.0;0.0;0.0;0.0;0.0;0.0;0.0;0.0;0.0;2060.534020000021;2060.534020000021;0.0;0.0;
136;300647;GOLDMAN SACHS INTERNATIONAL;0.0;0.0;0.0;100000.0;True;False;Aucun appel;0.0;34693250.451250345;0.0;31131679.164847534;85555116.35540344;0.0;85555116.35540344;0.0;0.0;0.0;0.0;0.0;0.0;0.0;0.0;0.0;0.0;0.0;0.0;0.0;0.0;0.0;2060.534020000021;2060.534020000021;0.0;0.0;
137;300647;J.P. MORGAN SECURITIES LIMITED;0.0;0.0;0.0;100000.0;True;False;Aucun appel;0.0;34693250.451250345;0.0;31131679.164847534;85555116.35540344;0.0;85555116.35540344;0.0;0.0;0.0;0.0;0.0;0.0;0.0;0.0;0.0;0.0;0.0;0.0;0.0;0.0;0.0;2060.534020000021;2060.534020000021;0.0;0.0;
138;300647;JP MORGAN SE;542473.7835689302;541796.347663948;677.435904982267;100000.0;True;False;Aucun appel;541796.347663948;34693250.451250345;0.0;31131679.164847534;85555116.35540344;0.0;85555116.35540344;0.0;0.0;0.0;0.0;0.0;0.0;0.0;0.0;0.0;0.0;0.0;0.0;0.0;0.0;0.0;2060.534020000021;2060.534020000021;0.0;0.0;
139;300647;MORGAN STANLEY EUROPE SE;131718.7403541074;146004.15362923982;-14285.413275132421;250000.0;True;False;Aucun appel;146004.15362923982;34693250.451250345;0.0;31131679.164847534;85555116.35540344;0.0;85555116.35540344;0.0;0.0;0.0;0.0;0.0;0.0;0.0;0.0;0.0;0.0;0.0;0.0;0.0;0.0;0.0;2060.534020000021;2060.534020000021;0.0;0.0;
140;300647;NATIXIS;0.0;0.0;0.0;100000.0;True;False;Aucun appel;0.0;34693250.451250345;0.0;31131679.164847534;85555116.35540344;0.0;85555116.35540344;0.0;0.0;0.0;0.0;0.0;0.0;0.0;0.0;0.0;0.0;0.0;0.0;0.0;0.0;0.0;2060.534020000021;2060.534020000021;0.0;0.0;
141;300647;ROYAL BANK OF CANADA PARIS BRANCH;0.0;0.0;0.0;100000.0;True;False;Aucun appel;0.0;34693250.451250345;0.0;31131679.164847534;85555116.35540344;0.0;85555116.35540344;0.0;0.0;0.0;0.0;0.0;0.0;0.0;0.0;0.0;0.0;0.0;0.0;0.0;0.0;0.0;2060.534020000021;2060.534020000021;0.0;0.0;
142;300647;SOCIETE GENERALE;0.0;0.0;0.0;100000.0;True;False;Aucun appel;0.0;34693250.451250345;0.0;31131679.164847534;85555116.35540344;0.0;85555116.35540344;0.0;0.0;0.0;0.0;0.0;0.0;0.0;0.0;0.0;0.0;0.0;0.0;0.0;0.0;0.0;2060.534020000021;2060.534020000021;0.0;0.0;
143;300661;BNP PARIBAS;0.0;0.0;0.0;100000.0;True;False;Aucun appel;0.0;0.0;0.0;0.0;575564817.2208983;0.0;575564817.2208983;0.0;0.0;0.0;0.0;253258.45152000018;0.0;0.0;0.0;0.0;0.0;0.0;0.0;0.0;0.0;0.0;3404400.511281395;3404400.511281395;253258.45152000018;3151142.0597613947;
144;300661;CITIBANK EUROPE PUBLIC LIMITED COMPANY;0.0;0.0;0.0;100000.0;True;False;Aucun appel;0.0;0.0;0.0;0.0;575564817.2208983;0.0;575564817.2208983;0.0;0.0;0.0;0.0;0.0;0.0;0.0;0.0;0.0;0.0;0.0;0.0;0.0;0.0;0.0;3404400.511281395;3404400.511281395;0.0;3151142.0597613947;
145;300661;CREDIT AGRICOLE CORPORATE AND INVESTMENT BANK;0.0;0.0;0.0;100000.0;True;False;Aucun appel;0.0;0.0;0.0;0.0;575564817.2208983;0.0;575564817.2208983;0.0;0.0;0.0;0.0;0.0;0.0;0.0;0.0;0.0;0.0;0.0;0.0;0.0;0.0;0.0;3404400.511281395;3404400.511281395;0.0;3151142.0597613947;
146;300661;Citigroup Global Markets Europe AG;0.0;0.0;0.0;100000.0;True;False;Aucun appel;0.0;0.0;0.0;0.0;575564817.2208983;0.0;575564817.2208983;0.0;0.0;0.0;0.0;0.0;0.0;0.0;0.0;0.0;0.0;0.0;0.0;0.0;0.0;0.0;3404400.511281395;3404400.511281395;0.0;3151142.0597613947;
147;300661;GOLDMAN SACHS BANK EUROPE SE;0.0;0.0;0.0;100000.0;True;False;Aucun appel;0.0;0.0;0.0;0.0;575564817.2208983;0.0;575564817.2208983;0.0;0.0;0.0;0.0;0.0;0.0;0.0;0.0;0.0;0.0;0.0;0.0;0.0;0.0;0.0;3404400.511281395;3404400.511281395;0.0;3151142.0597613947;
148;300661;GOLDMAN SACHS INTERNATIONAL;0.0;0.0;0.0;100000.0;True;False;Aucun appel;0.0;0.0;0.0;0.0;575564817.2208983;0.0;575564817.2208983;0.0;0.0;0.0;0.0;0.0;0.0;0.0;0.0;0.0;0.0;0.0;0.0;0.0;0.0;0.0;3404400.511281395;3404400.511281395;0.0;3151142.0597613947;
149;300661;JP MORGAN SE;0.0;0.0;0.0;100000.0;True;False;Aucun appel;0.0;0.0;0.0;0.0;575564817.2208983;0.0;575564817.2208983;0.0;0.0;0.0;0.0;0.0;0.0;0.0;0.0;0.0;0.0;0.0;0.0;0.0;0.0;0.0;3404400.511281395;3404400.511281395;0.0;3151142.0597613947;
150;300661;MORGAN STANLEY EUROPE SE;0.0;0.0;0.0;250000.0;True;False;Aucun appel;0.0;0.0;0.0;0.0;575564817.2208983;0.0;575564817.2208983;0.0;0.0;0.0;0.0;0.0;0.0;0.0;0.0;0.0;0.0;0.0;0.0;0.0;0.0;0.0;3404400.511281395;3404400.511281395;0.0;3151142.0597613947;
151;300661;NATIXIS;0.0;0.0;0.0;100000.0;True;False;Aucun appel;0.0;0.0;0.0;0.0;575564817.2208983;0.0;575564817.2208983;0.0;0.0;0.0;0.0;0.0;0.0;0.0;0.0;0.0;0.0;0.0;0.0;0.0;0.0;0.0;3404400.511281395;3404400.511281395;0.0;3151142.0597613947;
152;300661;NOMURA FINANCIAL PRODUCTS EUROPE GMBH;0.0;0.0;0.0;100000.0;True;False;Aucun appel;0.0;0.0;0.0;0.0;575564817.2208983;0.0;575564817.2208983;0.0;0.0;0.0;0.0;0.0;0.0;0.0;0.0;0.0;0.0;0.0;0.0;0.0;0.0;0.0;3404400.511281395;3404400.511281395;0.0;3151142.0597613947;
153;300661;SOCIETE GENERALE;0.0;0.0;0.0;100000.0;True;False;Aucun appel;0.0;0.0;0.0;0.0;575564817.2208983;0.0;575564817.2208983;0.0;0.0;0.0;0.0;0.0;0.0;0.0;0.0;0.0;0.0;0.0;0.0;0.0;0.0;0.0;3404400.511281395;3404400.511281395;0.0;3151142.0597613947;
154;309101;CITIBANK EUROPE PUBLIC LIMITED COMPANY;0.0;0.0;0.0;100000.0;True;False;Aucun appel;0.0;0.0;0.0;0.0;0.0;0.0;0.0;0.0;0.0;0.0;0.0;0.0;0.0;0.0;0.0;0.0;0.0;-35899133.23975433;0.0;0.0;0.0;35899133.23975433;281419856.83994424;281419856.83994424;0.0;317318990.07969856;
155;309101;CREDIT AGRICOLE CORPORATE AND INVESTMENT BANK;0.0;0.0;0.0;100000.0;True;False;Aucun appel;0.0;0.0;0.0;0.0;0.0;0.0;0.0;0.0;0.0;0.0;0.0;0.0;0.0;0.0;0.0;0.0;0.0;-35899133.23975433;0.0;0.0;0.0;0.0;281419856.83994424;281419856.83994424;0.0;317318990.07969856;
156;309101;GOLDMAN SACHS BANK EUROPE SE;0.0;0.0;0.0;100000.0;True;False;Aucun appel;0.0;0.0;0.0;0.0;0.0;0.0;0.0;0.0;0.0;0.0;0.0;0.0;0.0;0.0;0.0;0.0;0.0;-35899133.23975433;0.0;0.0;0.0;0.0;281419856.83994424;281419856.83994424;0.0;317318990.07969856;
157;309101;ROYAL BANK OF CANADA PARIS BRANCH;0.0;0.0;0.0;100000.0;True;False;Aucun appel;0.0;0.0;0.0;0.0;0.0;0.0;0.0;0.0;0.0;0.0;0.0;0.0;0.0;0.0;0.0;0.0;0.0;-35899133.23975433;0.0;0.0;0.0;0.0;281419856.83994424;281419856.83994424;0.0;317318990.07969856;
158;309101;SOCIETE GENERALE;0.0;0.0;0.0;100000.0;True;False;Aucun appel;0.0;0.0;0.0;0.0;0.0;0.0;0.0;0.0;0.0;0.0;0.0;0.0;0.0;0.0;0.0;0.0;0.0;-35899133.23975433;0.0;0.0;0.0;0.0;281419856.83994424;281419856.83994424;0.0;317318990.07969856;
159;309101;State Street Bank International GmbH;0.0;0.0;0.0;100000.0;True;False;Aucun appel;0.0;0.0;0.0;0.0;0.0;0.0;0.0;0.0;0.0;0.0;0.0;0.0;0.0;0.0;0.0;0.0;0.0;-35899133.23975433;0.0;0.0;0.0;0.0;281419856.83994424;281419856.83994424;0.0;317318990.07969856;
160;389037;BNP PARIBAS;8388.108796526743;8355.86763762456;32.24115890218309;100000.0;True;False;Aucun appel;8355.86763762456;107789384.61851232;0.0;107789384.61851232;706329313.227214;0.0;706329313.227214;0.0;0.0;0.0;0.0;0.0;0.0;0.0;0.0;0.0;0.0;25721283.923680864;0.0;25721283.923680864;0.0;0.0;199241611.6601547;199241611.6601547;25721283.923680864;173520327.73647383;
161;389037;CITIBANK EUROPE PUBLIC LIMITED COMPANY;-195184.33329023863;-195111.08207800903;-73.25121222960297;100000.0;True;False;Aucun appel;-195111.08207800903;107789384.61851232;0.0;107789384.61851232;706329313.227214;0.0;706329313.227214;0.0;0.0;0.0;0.0;0.0;0.0;0.0;0.0;0.0;0.0;25721283.923680864;0.0;0.0;0.0;0.0;199241611.6601547;199241611.6601547;0.0;173520327.73647383;
162;389037;CREDIT AGRICOLE CORPORATE AND INVESTMENT BANK;135780.41722535552;58202.87850148268;77577.53872387283;100000.0;True;False;Aucun appel;58202.87850148268;107789384.61851232;0.0;107789384.61851232;706329313.227214;0.0;706329313.227214;0.0;0.0;0.0;0.0;0.0;0.0;0.0;0.0;0.0;0.0;25721283.923680864;0.0;0.0;0.0;0.0;199241611.6601547;199241611.6601547;0.0;173520327.73647383;
163;389037;Citigroup Global Markets Europe AG;0.0;0.0;0.0;100000.0;True;False;Aucun appel;0.0;107789384.61851232;0.0;107789384.61851232;706329313.227214;0.0;706329313.227214;0.0;0.0;0.0;0.0;0.0;0.0;0.0;0.0;0.0;0.0;25721283.923680864;0.0;0.0;0.0;0.0;199241611.6601547;199241611.6601547;0.0;173520327.73647383;
164;389037;JP MORGAN SE;-28723.902667734274;-28712.795701376926;-11.106966357347119;100000.0;True;False;Aucun appel;-28712.795701376926;107789384.61851232;0.0;107789384.61851232;706329313.227214;0.0;706329313.227214;0.0;0.0;0.0;0.0;0.0;0.0;0.0;0.0;0.0;0.0;25721283.923680864;0.0;0.0;0.0;0.0;199241611.6601547;199241611.6601547;0.0;173520327.73647383;
165;389037;NATIXIS;30384.283818238975;30321.06708678425;63.21673145472596;100000.0;True;False;Aucun appel;30321.06708678425;107789384.61851232;0.0;107789384.61851232;706329313.227214;0.0;706329313.227214;0.0;0.0;0.0;0.0;0.0;0.0;0.0;0.0;0.0;0.0;25721283.923680864;0.0;0.0;0.0;0.0;199241611.6601547;199241611.6601547;0.0;173520327.73647383;
166;389037;NOMURA FINANCIAL PRODUCTS EUROPE GMBH;-53766.14509507932;-53748.04855129187;-18.09654378745472;100000.0;True;False;Aucun appel;-53748.04855129187;107789384.61851232;0.0;107789384.61851232;706329313.227214;0.0;706329313.227214;0.0;0.0;0.0;0.0;0.0;0.0;0.0;0.0;0.0;0.0;25721283.923680864;0.0;0.0;0.0;0.0;199241611.6601547;199241611.6601547;0.0;173520327.73647383;
167;389037;SOCIETE GENERALE;-85189.90931622832;-85177.18735050828;-12.721965720047592;100000.0;True;False;Aucun appel;-85177.18735050828;107789384.61851232;0.0;107789384.61851232;706329313.227214;0.0;706329313.227214;0.0;0.0;0.0;0.0;0.0;0.0;0.0;0.0;0.0;0.0;25721283.923680864;0.0;0.0;0.0;0.0;199241611.6601547;199241611.6601547;0.0;173520327.73647383;
168;389038;BNP PARIBAS;2839831.318869268;2839482.9428715226;348.37599774543196;100000.0;True;False;Aucun appel;2839482.9428715226;0.0;0.0;0.0;881007044.4680358;0.0;881007044.4680358;0.0;0.0;0.0;0.0;810033.0712000004;0.0;0.0;0.0;45796.79060800004;0.0;-39935833.75735089;0.0;0.0;0.0;39935833.75735089;252722865.50440368;252722865.50440368;855829.8618080004;291802869.3999466;
169;389038;CREDIT AGRICOLE CORPORATE AND INVESTMENT BANK;0.0;0.0;0.0;100000.0;True;False;Aucun appel;0.0;0.0;0.0;0.0;881007044.4680358;0.0;881007044.4680358;0.0;0.0;0.0;0.0;0.0;0.0;0.0;0.0;0.0;0.0;-39935833.75735089;0.0;0.0;0.0;0.0;252722865.50440368;252722865.50440368;0.0;291802869.3999466;
170;389038;CREDIT SUISSE SECURITIES SOCIEDAD DE VALORES S.A.;0.0;0.0;0.0;100000.0;True;False;Aucun appel;0.0;0.0;0.0;0.0;881007044.4680358;0.0;881007044.4680358;0.0;0.0;0.0;0.0;0.0;0.0;0.0;0.0;0.0;0.0;-39935833.75735089;0.0;0.0;0.0;0.0;252722865.50440368;252722865.50440368;0.0;291802869.3999466;
171;389038;JP MORGAN SE;1774.1052619900495;1773.752928756382;0.352333233667423;100000.0;True;False;Aucun appel;1773.752928756382;0.0;0.0;0.0;881007044.4680358;0.0;881007044.4680358;0.0;0.0;0.0;0.0;0.0;0.0;0.0;0.0;0.0;0.0;-39935833.75735089;0.0;0.0;0.0;0.0;252722865.50440368;252722865.50440368;0.0;291802869.3999466;
172;389038;MORGAN STANLEY EUROPE SE;0.0;0.0;0.0;100000.0;True;False;Aucun appel;0.0;0.0;0.0;0.0;881007044.4680358;0.0;881007044.4680358;0.0;0.0;0.0;0.0;0.0;0.0;0.0;0.0;0.0;0.0;-39935833.75735089;0.0;0.0;0.0;0.0;252722865.50440368;252722865.50440368;0.0;291802869.3999466;
173;389038;NATIXIS;289245.9891818703;288973.4627536313;272.5264282390126;100000.0;True;False;Aucun appel;288973.4627536313;0.0;0.0;0.0;881007044.4680358;0.0;881007044.4680358;0.0;0.0;0.0;0.0;0.0;0.0;0.0;0.0;0.0;0.0;-39935833.75735089;0.0;0.0;0.0;0.0;252722865.50440368;252722865.50440368;0.0;291802869.3999466;
174;389038;NOMURA FINANCIAL PRODUCTS EUROPE GMBH;-250668.52395859463;-250441.9320356197;-226.59192297491245;100000.0;True;False;Aucun appel;-250441.9320356197;0.0;0.0;0.0;881007044.4680358;0.0;881007044.4680358;0.0;0.0;0.0;0.0;0.0;0.0;0.0;0.0;0.0;0.0;-39935833.75735089;0.0;0.0;0.0;0.0;252722865.50440368;252722865.50440368;0.0;291802869.3999466;
175;389038;ROYAL BANK OF CANADA PARIS BRANCH;0.0;0.0;0.0;100000.0;True;False;Aucun appel;0.0;0.0;0.0;0.0;881007044.4680358;0.0;881007044.4680358;0.0;0.0;0.0;0.0;0.0;0.0;0.0;0.0;0.0;0.0;-39935833.75735089;0.0;0.0;0.0;0.0;252722865.50440368;252722865.50440368;0.0;291802869.3999466;
176;389038;SOCIETE GENERALE;-52258.31668265685;-52250.568770309605;-7.747912347243982;100000.0;True;False;Aucun appel;-52250.568770309605;0.0;0.0;0.0;881007044.4680358;0.0;881007044.4680358;0.0;0.0;0.0;0.0;0.0;0.0;0.0;0.0;0.0;0.0;-39935833.75735089;0.0;0.0;0.0;0.0;252722865.50440368;252722865.50440368;0.0;291802869.3999466;
177;389038;State Street Bank International GmbH;0.0;0.0;0.0;100000.0;True;False;Aucun appel;0.0;0.0;0.0;0.0;881007044.4680358;0.0;881007044.4680358;0.0;0.0;0.0;0.0;0.0;0.0;0.0;0.0;0.0;0.0;-39935833.75735089;0.0;0.0;0.0;0.0;252722865.50440368;252722865.50440368;0.0;291802869.3999466;
178;389059;BNP PARIBAS;0.0;0.0;0.0;100000.0;True;False;Aucun appel;0.0;0.0;0.0;0.0;0.0;0.0;0.0;0.0;0.0;0.0;0.0;0.0;0.0;0.0;0.0;0.0;0.0;0.0;0.0;0.0;0.0;0.0;4232445.88;4232445.88;0.0;4232445.88;
179;389059;CREDIT AGRICOLE CORPORATE AND INVESTMENT BANK;0.0;0.0;0.0;100000.0;True;False;Aucun appel;0.0;0.0;0.0;0.0;0.0;0.0;0.0;0.0;0.0;0.0;0.0;0.0;0.0;0.0;0.0;0.0;0.0;0.0;0.0;0.0;0.0;0.0;4232445.88;4232445.88;0.0;4232445.88;
180;389059;JP MORGAN SE;0.0;0.0;0.0;100000.0;True;False;Aucun appel;0.0;0.0;0.0;0.0;0.0;0.0;0.0;0.0;0.0;0.0;0.0;0.0;0.0;0.0;0.0;0.0;0.0;0.0;0.0;0.0;0.0;0.0;4232445.88;4232445.88;0.0;4232445.88;
181;389059;NATIXIS;0.0;0.0;0.0;100000.0;True;False;Aucun appel;0.0;0.0;0.0;0.0;0.0;0.0;0.0;0.0;0.0;0.0;0.0;0.0;0.0;0.0;0.0;0.0;0.0;0.0;0.0;0.0;0.0;0.0;4232445.88;4232445.88;0.0;4232445.88;
182;389059;ROYAL BANK OF CANADA FX;0.0;0.0;0.0;100000.0;True;False;Aucun appel;0.0;0.0;0.0;0.0;0.0;0.0;0.0;0.0;0.0;0.0;0.0;0.0;0.0;0.0;0.0;0.0;0.0;0.0;0.0;0.0;0.0;0.0;4232445.88;4232445.88;0.0;4232445.88;
183;389059;ROYAL BANK OF CANADA PARIS BRANCH;0.0;0.0;0.0;100000.0;True;False;Aucun appel;0.0;0.0;0.0;0.0;0.0;0.0;0.0;0.0;0.0;0.0;0.0;0.0;0.0;0.0;0.0;0.0;0.0;0.0;0.0;0.0;0.0;0.0;4232445.88;4232445.88;0.0;4232445.88;
184;389059;SOCIETE GENERALE;0.0;0.0;0.0;100000.0;True;False;Aucun appel;0.0;0.0;0.0;0.0;0.0;0.0;0.0;0.0;0.0;0.0;0.0;0.0;0.0;0.0;0.0;0.0;0.0;0.0;0.0;0.0;0.0;0.0;4232445.88;4232445.88;0.0;4232445.88;
185;389088;BNP PARIBAS;35833.481733944325;44669.47927362696;-8835.997539682634;100000.0;True;False;Aucun appel;44669.47927362696;0.0;0.0;0.0;448778858.9500287;711837.3395750006;445106980.82199764;0.0;0.0;0.0;0.0;0.0;711837.3395750006;0.0;0.0;0.0;0.0;0.0;0.0;0.0;0.0;0.0;0.0;0.0;0.0;0.0;
186;389088;DEUTSCHE BANK AKTIENGESELLSCHAFT;0.0;0.0;0.0;100000.0;True;False;Aucun appel;0.0;0.0;0.0;0.0;448778858.9500287;0.0;445106980.82199764;0.0;0.0;0.0;0.0;0.0;0.0;0.0;0.0;0.0;0.0;0.0;0.0;0.0;0.0;0.0;0.0;0.0;0.0;0.0;
187;389088;GOLDMAN SACHS BANK EUROPE SE;-1504822.395023275;-1626671.0837227223;121848.68869944732;100000.0;False;True;Contrepartie poste;-1504822.395023275;0.0;0.0;0.0;448778858.9500287;0.0;445106980.82199764;0.0;0.0;0.0;0.0;0.0;0.0;0.0;0.0;0.0;0.0;0.0;0.0;0.0;0.0;0.0;0.0;0.0;0.0;0.0;
188;389088;GOLDMAN SACHS INTERNATIONAL;0.0;0.0;0.0;100000.0;True;False;Aucun appel;0.0;0.0;0.0;0.0;448778858.9500287;0.0;445106980.82199764;0.0;0.0;0.0;0.0;0.0;0.0;0.0;0.0;0.0;0.0;0.0;0.0;0.0;0.0;0.0;0.0;0.0;0.0;0.0;
189;389088;JP MORGAN SE;1212715.3599977086;1333330.1264624726;-120614.76646476402;100000.0;False;True;Groupama poste;1212715.3599977086;0.0;0.0;0.0;448778858.9500287;120614.76646476402;445106980.82199764;0.0;0.0;0.0;0.0;0.0;0.0;0.0;0.0;0.0;0.0;0.0;0.0;0.0;0.0;0.0;0.0;0.0;0.0;0.0;
190;389088;MORGAN STANLEY EUROPE SE;392922.4332097755;3232348.4552010763;-2839426.021991301;100000.0;False;True;Groupama poste;392922.4332097755;0.0;0.0;0.0;448778858.9500287;2839426.021991301;445106980.82199764;0.0;0.0;0.0;0.0;0.0;0.0;0.0;0.0;0.0;0.0;0.0;0.0;0.0;0.0;0.0;0.0;0.0;0.0;0.0;
191;400805;CITIBANK EUROPE PUBLIC LIMITED COMPANY;0.0;0.0;0.0;100000.0;True;False;Aucun appel;0.0;291229.0559837;0.0;291229.0559837;0.0;0.0;0.0;0.0;0.0;0.0;0.0;0.0;0.0;0.0;0.0;0.0;0.0;0.0;0.0;0.0;0.0;0.0;174259.89;174259.89;0.0;174259.89;
192;400805;State Street Bank International GmbH;0.0;0.0;0.0;100000.0;True;False;Aucun appel;0.0;291229.0559837;0.0;291229.0559837;0.0;0.0;0.0;0.0;0.0;0.0;0.0;0.0;0.0;0.0;0.0;0.0;0.0;0.0;0.0;0.0;0.0;0.0;174259.89;174259.89;0.0;174259.89;
193;900200;BNP PARIBAS;1771971.7561100668;1760799.4713431757;11172.28476689104;100000.0;True;False;Aucun appel;1760799.4713431757;18173583.36524103;8468505.054734878;0.0;244404583.21322933;880675.6191328922;243523907.59409642;0.0;0.0;0.0;352610.9752760003;0.0;0.0;0.0;0.0;0.0;0.0;8996569.69859177;8115894.079458878;0.0;880675.6191328922;0.0;0.0;0.0;0.0;0.0;
194;900200;CITIBANK EUROPE PUBLIC LIMITED COMPANY;-539964.4300534291;-646628.2629406855;106663.8328872564;100000.0;False;True;Contrepartie poste;-539964.4300534291;18173583.36524103;0.0;0.0;244404583.21322933;0.0;243523907.59409642;0.0;0.0;0.0;0.0;0.0;0.0;0.0;0.0;0.0;0.0;8996569.69859177;0.0;0.0;0.0;0.0;0.0;0.0;0.0;0.0;
195;900200;CITIGROUP GLOBAL MARKETS LIMITED;0.0;0.0;0.0;100000.0;True;False;Aucun appel;0.0;18173583.36524103;0.0;0.0;244404583.21322933;0.0;243523907.59409642;0.0;0.0;0.0;0.0;0.0;0.0;0.0;0.0;0.0;0.0;8996569.69859177;0.0;0.0;0.0;0.0;0.0;0.0;0.0;0.0;
196;900200;CREDIT AGRICOLE CORPORATE AND INVESTMENT BANK;183636.34308336244;217574.36311247703;-33938.02002911459;100000.0;True;False;Aucun appel;217574.36311247703;18173583.36524103;0.0;0.0;244404583.21322933;0.0;243523907.59409642;0.0;0.0;0.0;0.0;0.0;0.0;0.0;0.0;0.0;0.0;8996569.69859177;0.0;0.0;0.0;0.0;0.0;0.0;0.0;0.0;
197;900200;CREDIT SUISSE INTERNATIONAL FX;0.0;0.0;0.0;100000.0;True;False;Aucun appel;0.0;18173583.36524103;0.0;0.0;244404583.21322933;0.0;243523907.59409642;0.0;0.0;0.0;0.0;0.0;0.0;0.0;0.0;0.0;0.0;8996569.69859177;0.0;0.0;0.0;0.0;0.0;0.0;0.0;0.0;
198;900200;CREDIT SUISSE SECURITIES SOCIEDAD DE VALORES S.A.;0.0;0.0;0.0;100000.0;True;False;Aucun appel;0.0;18173583.36524103;0.0;0.0;244404583.21322933;0.0;243523907.59409642;0.0;0.0;0.0;0.0;0.0;0.0;0.0;0.0;0.0;0.0;8996569.69859177;0.0;0.0;0.0;0.0;0.0;0.0;0.0;0.0;
199;900200;Citigroup Global Markets Europe AG;0.0;0.0;0.0;100000.0;True;False;Aucun appel;0.0;18173583.36524103;0.0;0.0;244404583.21322933;0.0;243523907.59409642;0.0;0.0;0.0;0.0;0.0;0.0;0.0;0.0;0.0;0.0;8996569.69859177;0.0;0.0;0.0;0.0;0.0;0.0;0.0;0.0;
200;900200;DEUTSCHE BANK AKTIENGESELLSCHAFT;260913.09332370514;260514.39884216466;398.6944815404713;100000.0;True;False;Aucun appel;260514.39884216466;18173583.36524103;0.0;0.0;244404583.21322933;0.0;243523907.59409642;0.0;0.0;0.0;0.0;0.0;0.0;0.0;0.0;0.0;0.0;8996569.69859177;0.0;0.0;0.0;0.0;0.0;0.0;0.0;0.0;
201;900200;GOLDMAN SACHS BANK EUROPE SE;262261.26361185615;261918.08677352665;343.1768383294984;100000.0;True;False;Aucun appel;261918.08677352665;18173583.36524103;0.0;0.0;244404583.21322933;0.0;243523907.59409642;0.0;0.0;0.0;0.0;0.0;0.0;0.0;0.0;0.0;0.0;8996569.69859177;0.0;0.0;0.0;0.0;0.0;0.0;0.0;0.0;
202;900200;GOLDMAN SACHS INTERNATIONAL;0.0;0.0;0.0;100000.0;True;False;Aucun appel;0.0;18173583.36524103;0.0;0.0;244404583.21322933;0.0;243523907.59409642;0.0;0.0;0.0;0.0;0.0;0.0;0.0;0.0;0.0;0.0;8996569.69859177;0.0;0.0;0.0;0.0;0.0;0.0;0.0;0.0;
203;900200;GOLDMAN SACHS INTERNATIONAL  PARIS BRANCH;701355.1246017572;881746.2683529836;-180391.14375122648;0.0;False;True;Groupama poste;701355.1246017572;18173583.36524103;180391.14375122648;0.0;244404583.21322933;0.0;243523907.59409642;0.0;0.0;0.0;0.0;0.0;0.0;0.0;0.0;0.0;0.0;8996569.69859177;0.0;0.0;0.0;0.0;0.0;0.0;0.0;0.0;
204;900200;J.P. MORGAN SECURITIES LIMITED;0.0;0.0;0.0;100000.0;True;False;Aucun appel;0.0;18173583.36524103;0.0;0.0;244404583.21322933;0.0;243523907.59409642;0.0;0.0;0.0;0.0;0.0;0.0;0.0;0.0;0.0;0.0;8996569.69859177;0.0;0.0;0.0;0.0;0.0;0.0;0.0;0.0;
205;900200;JP MORGAN SE;393283.6541669329;801058.1797096422;-407774.5255427093;250000.0;False;True;Groupama poste;393283.6541669329;18173583.36524103;407774.5255427093;0.0;244404583.21322933;0.0;243523907.59409642;0.0;0.0;0.0;0.0;0.0;0.0;0.0;0.0;0.0;0.0;8996569.69859177;0.0;0.0;0.0;0.0;0.0;0.0;0.0;0.0;
206;900200;MORGAN STANLEY AND CO. INTERNATIONAL PLC;0.0;0.0;0.0;100000.0;True;False;Aucun appel;0.0;18173583.36524103;0.0;0.0;244404583.21322933;0.0;243523907.59409642;0.0;0.0;0.0;0.0;0.0;0.0;0.0;0.0;0.0;0.0;8996569.69859177;0.0;0.0;0.0;0.0;0.0;0.0;0.0;0.0;
207;900200;MORGAN STANLEY EUROPE SE;299815.18854042364;285385.84703320713;14429.341507216508;100000.0;True;False;Aucun appel;285385.84703320713;18173583.36524103;0.0;0.0;244404583.21322933;0.0;243523907.59409642;0.0;0.0;0.0;0.0;0.0;0.0;0.0;0.0;0.0;0.0;8996569.69859177;0.0;0.0;0.0;0.0;0.0;0.0;0.0;0.0;
208;900200;NATIXIS;0.0;0.0;0.0;100000.0;True;False;Aucun appel;0.0;18173583.36524103;0.0;0.0;244404583.21322933;0.0;243523907.59409642;0.0;0.0;0.0;0.0;0.0;0.0;0.0;0.0;0.0;0.0;8996569.69859177;0.0;0.0;0.0;0.0;0.0;0.0;0.0;0.0;
209;900200;NOMURA FINANCIAL PRODUCTS EUROPE GMBH;0.0;0.0;0.0;100000.0;True;False;Aucun appel;0.0;18173583.36524103;0.0;0.0;244404583.21322933;0.0;243523907.59409642;0.0;0.0;0.0;0.0;0.0;0.0;0.0;0.0;0.0;0.0;8996569.69859177;0.0;0.0;0.0;0.0;0.0;0.0;0.0;0.0;
210;900200;SOCIETE GENERALE;-51771.29429276435;-46160.69511581052;-5610.5991769538305;100000.0;True;False;Aucun appel;-46160.69511581052;18173583.36524103;0.0;0.0;244404583.21322933;0.0;243523907.59409642;0.0;0.0;0.0;0.0;0.0;0.0;0.0;0.0;0.0;0.0;8996569.69859177;0.0;0.0;0.0;0.0;0.0;0.0;0.0;0.0;
211;981001;BNP PARIBAS;0.0;0.0;0.0;100000.0;True;False;Aucun appel;0.0;5565456.054013999;0.0;5565456.054013999;0.0;0.0;0.0;0.0;0.0;0.0;0.0;0.0;0.0;0.0;0.0;0.0;0.0;-6198360.552642523;0.0;0.0;0.0;6198360.552642523;14417832.544833066;14417832.544833066;0.0;20616193.09747559;
212;981001;CITIBANK EUROPE PUBLIC LIMITED COMPANY;0.0;0.0;0.0;100000.0;True;False;Aucun appel;0.0;5565456.054013999;0.0;5565456.054013999;0.0;0.0;0.0;0.0;0.0;0.0;0.0;0.0;0.0;0.0;0.0;0.0;0.0;-6198360.552642523;0.0;0.0;0.0;0.0;14417832.544833066;14417832.544833066;0.0;20616193.09747559;
213;981001;CREDIT AGRICOLE CORPORATE AND INVESTMENT BANK;0.0;0.0;0.0;100000.0;True;False;Aucun appel;0.0;5565456.054013999;0.0;5565456.054013999;0.0;0.0;0.0;0.0;0.0;0.0;0.0;0.0;0.0;0.0;0.0;0.0;0.0;-6198360.552642523;0.0;0.0;0.0;0.0;14417832.544833066;14417832.544833066;0.0;20616193.09747559;
214;981001;GOLDMAN SACHS BANK EUROPE SE;0.0;0.0;0.0;100000.0;True;False;Aucun appel;0.0;5565456.054013999;0.0;5565456.054013999;0.0;0.0;0.0;0.0;0.0;0.0;0.0;0.0;0.0;0.0;0.0;0.0;0.0;-6198360.552642523;0.0;0.0;0.0;0.0;14417832.544833066;14417832.544833066;0.0;20616193.09747559;
215;981001;GOLDMAN SACHS INTERNATIONAL;0.0;0.0;0.0;100000.0;True;False;Aucun appel;0.0;5565456.054013999;0.0;5565456.054013999;0.0;0.0;0.0;0.0;0.0;0.0;0.0;0.0;0.0;0.0;0.0;0.0;0.0;-6198360.552642523;0.0;0.0;0.0;0.0;14417832.544833066;14417832.544833066;0.0;20616193.09747559;
216;981001;HSBC CONTINENTAL EUROPE;0.0;0.0;0.0;100000.0;True;False;Aucun appel;0.0;5565456.054013999;0.0;5565456.054013999;0.0;0.0;0.0;0.0;0.0;0.0;0.0;0.0;0.0;0.0;0.0;0.0;0.0;-6198360.552642523;0.0;0.0;0.0;0.0;14417832.544833066;14417832.544833066;0.0;20616193.09747559;
217;981001;J.P. MORGAN SECURITIES LIMITED;0.0;0.0;0.0;100000.0;True;False;Aucun appel;0.0;5565456.054013999;0.0;5565456.054013999;0.0;0.0;0.0;0.0;0.0;0.0;0.0;0.0;0.0;0.0;0.0;0.0;0.0;-6198360.552642523;0.0;0.0;0.0;0.0;14417832.544833066;14417832.544833066;0.0;20616193.09747559;
218;981001;JP MORGAN SE;0.0;0.0;0.0;250000.0;True;False;Aucun appel;0.0;5565456.054013999;0.0;5565456.054013999;0.0;0.0;0.0;0.0;0.0;0.0;0.0;0.0;0.0;0.0;0.0;0.0;0.0;-6198360.552642523;0.0;0.0;0.0;0.0;14417832.544833066;14417832.544833066;0.0;20616193.09747559;
219;981001;MORGAN STANLEY EUROPE SE;0.0;0.0;0.0;100000.0;True;False;Aucun appel;0.0;5565456.054013999;0.0;5565456.054013999;0.0;0.0;0.0;0.0;0.0;0.0;0.0;0.0;0.0;0.0;0.0;0.0;0.0;-6198360.552642523;0.0;0.0;0.0;0.0;14417832.544833066;14417832.544833066;0.0;20616193.09747559;
220;981001;NATIXIS;0.0;0.0;0.0;100000.0;True;False;Aucun appel;0.0;5565456.054013999;0.0;5565456.054013999;0.0;0.0;0.0;0.0;0.0;0.0;0.0;0.0;0.0;0.0;0.0;0.0;0.0;-6198360.552642523;0.0;0.0;0.0;0.0;14417832.544833066;14417832.544833066;0.0;20616193.09747559;
221;981001;SOCIETE GENERALE;0.0;0.0;0.0;100000.0;True;False;Aucun appel;0.0;5565456.054013999;0.0;5565456.054013999;0.0;0.0;0.0;0.0;0.0;0.0;0.0;0.0;0.0;0.0;0.0;0.0;0.0;-6198360.552642523;0.0;0.0;0.0;0.0;14417832.544833066;14417832.544833066;0.0;20616193.09747559;
222;981001;State Street Bank International GmbH;0.0;0.0;0.0;100000.0;True;False;Aucun appel;0.0;5565456.054013999;0.0;5565456.054013999;0.0;0.0;0.0;0.0;0.0;0.0;0.0;0.0;0.0;0.0;0.0;0.0;0.0;-6198360.552642523;0.0;0.0;0.0;0.0;14417832.544833066;14417832.544833066;0.0;20616193.09747559;
223;981007;BNP PARIBAS;41607.86975111351;46497.802075452186;-4889.932324338675;100000.0;True;False;Aucun appel;46497.802075452186;0.0;0.0;0.0;358770796.75669247;742152.0562100005;355559578.59537405;0.0;0.0;0.0;0.0;0.0;616146.0886900004;0.0;0.0;0.0;126005.96752000012;0.0;0.0;0.0;0.0;0.0;0.0;0.0;0.0;0.0;
224;981007;CITIBANK EUROPE PUBLIC LIMITED COMPANY;48444.51133284585;50878.04460210663;-2433.5332692607844;100000.0;True;False;Aucun appel;50878.04460210663;0.0;0.0;0.0;358770796.75669247;0.0;355559578.59537405;0.0;0.0;0.0;0.0;0.0;0.0;0.0;0.0;0.0;0.0;0.0;0.0;0.0;0.0;0.0;0.0;0.0;0.0;0.0;
225;981007;CREDIT AGRICOLE CORPORATE AND INVESTMENT BANK;0.0;0.0;0.0;100000.0;True;False;Aucun appel;0.0;0.0;0.0;0.0;358770796.75669247;0.0;355559578.59537405;0.0;0.0;0.0;0.0;0.0;0.0;0.0;0.0;0.0;0.0;0.0;0.0;0.0;0.0;0.0;0.0;0.0;0.0;0.0;
226;981007;CREDIT SUISSE INTERNATIONAL FX;0.0;0.0;0.0;100000.0;True;False;Aucun appel;0.0;0.0;0.0;0.0;358770796.75669247;0.0;355559578.59537405;0.0;0.0;0.0;0.0;0.0;0.0;0.0;0.0;0.0;0.0;0.0;0.0;0.0;0.0;0.0;0.0;0.0;0.0;0.0;
227;981007;CREDIT SUISSE SECURITIES SOCIEDAD DE VALORES S.A.;0.0;0.0;0.0;100000.0;True;False;Aucun appel;0.0;0.0;0.0;0.0;358770796.75669247;0.0;355559578.59537405;0.0;0.0;0.0;0.0;0.0;0.0;0.0;0.0;0.0;0.0;0.0;0.0;0.0;0.0;0.0;0.0;0.0;0.0;0.0;
228;981007;Citigroup Global Markets Europe AG;0.0;0.0;0.0;100000.0;True;False;Aucun appel;0.0;0.0;0.0;0.0;358770796.75669247;0.0;355559578.59537405;0.0;0.0;0.0;0.0;0.0;0.0;0.0;0.0;0.0;0.0;0.0;0.0;0.0;0.0;0.0;0.0;0.0;0.0;0.0;
229;981007;DEUTSCHE BANK AKTIENGESELLSCHAFT;0.0;0.0;0.0;100000.0;True;False;Aucun appel;0.0;0.0;0.0;0.0;358770796.75669247;0.0;355559578.59537405;0.0;0.0;0.0;0.0;0.0;0.0;0.0;0.0;0.0;0.0;0.0;0.0;0.0;0.0;0.0;0.0;0.0;0.0;0.0;
230;981007;GOLDMAN SACHS BANK EUROPE SE;-1192425.8189465348;-1295501.5549121846;103075.73596564983;100000.0;False;True;Contrepartie poste;-1192425.8189465348;0.0;0.0;0.0;358770796.75669247;0.0;355559578.59537405;0.0;0.0;0.0;0.0;0.0;0.0;0.0;0.0;0.0;0.0;0.0;0.0;0.0;0.0;0.0;0.0;0.0;0.0;0.0;
231;981007;GOLDMAN SACHS INTERNATIONAL;0.0;0.0;0.0;100000.0;True;False;Aucun appel;0.0;0.0;0.0;0.0;358770796.75669247;0.0;355559578.59537405;0.0;0.0;0.0;0.0;0.0;0.0;0.0;0.0;0.0;0.0;0.0;0.0;0.0;0.0;0.0;0.0;0.0;0.0;0.0;
232;981007;HSBC CONTINENTAL EUROPE;0.0;0.0;0.0;100000.0;True;False;Aucun appel;0.0;0.0;0.0;0.0;358770796.75669247;0.0;355559578.59537405;0.0;0.0;0.0;0.0;0.0;0.0;0.0;0.0;0.0;0.0;0.0;0.0;0.0;0.0;0.0;0.0;0.0;0.0;0.0;
233;981007;J.P. MORGAN SECURITIES LIMITED;0.0;0.0;0.0;100000.0;True;False;Aucun appel;0.0;0.0;0.0;0.0;358770796.75669247;0.0;355559578.59537405;0.0;0.0;0.0;0.0;0.0;0.0;0.0;0.0;0.0;0.0;0.0;0.0;0.0;0.0;0.0;0.0;0.0;0.0;0.0;
234;981007;JP MORGAN SE;937944.9884601126;1042201.5997446687;-104256.6112845561;250000.0;True;False;Aucun appel;1042201.5997446687;0.0;0.0;0.0;358770796.75669247;0.0;355559578.59537405;0.0;0.0;0.0;0.0;0.0;0.0;0.0;0.0;0.0;0.0;0.0;0.0;0.0;0.0;0.0;0.0;0.0;0.0;0.0;
235;981007;MORGAN STANLEY AND CO. INTERNATIONAL PLC;0.0;0.0;0.0;100000.0;True;False;Aucun appel;0.0;0.0;0.0;0.0;358770796.75669247;0.0;355559578.59537405;0.0;0.0;0.0;0.0;0.0;0.0;0.0;0.0;0.0;0.0;0.0;0.0;0.0;0.0;0.0;0.0;0.0;0.0;0.0;
236;981007;MORGAN STANLEY EUROPE SE;341671.68092815793;2810737.7860365864;-2469066.1051084283;100000.0;False;True;Groupama poste;341671.6809281581;0.0;0.0;0.0;358770796.75669247;2469066.1051084283;355559578.59537405;0.0;0.0;0.0;0.0;0.0;0.0;0.0;0.0;0.0;0.0;0.0;0.0;0.0;0.0;0.0;0.0;0.0;0.0;0.0;
237;981007;NATIXIS;-22607.87727818138;-20083.30655278453;-2524.5707253968503;100000.0;True;False;Aucun appel;-20083.30655278453;0.0;0.0;0.0;358770796.75669247;0.0;355559578.59537405;0.0;0.0;0.0;0.0;0.0;0.0;0.0;0.0;0.0;0.0;0.0;0.0;0.0;0.0;0.0;0.0;0.0;0.0;0.0;
238;981007;NOMURA FINANCIAL PRODUCTS EUROPE GMBH;49740.41701032961;49572.02197937959;168.39503095002146;100000.0;True;False;Aucun appel;49572.02197937959;0.0;0.0;0.0;358770796.75669247;0.0;355559578.59537405;0.0;0.0;0.0;0.0;0.0;0.0;0.0;0.0;0.0;0.0;0.0;0.0;0.0;0.0;0.0;0.0;0.0;0.0;0.0;
239;981007;SOCIETE GENERALE;0.0;0.0;0.0;100000.0;True;False;Aucun appel;0.0;0.0;0.0;0.0;358770796.75669247;0.0;355559578.59537405;0.0;0.0;0.0;0.0;0.0;0.0;0.0;0.0;0.0;0.0;0.0;0.0;0.0;0.0;0.0;0.0;0.0;0.0;0.0;
240;981007;State Street Bank International GmbH;0.0;0.0;0.0;100000.0;True;False;Aucun appel;0.0;0.0;0.0;0.0;358770796.75669247;0.0;355559578.59537405;0.0;0.0;0.0;0.0;0.0;0.0;0.0;0.0;0.0;0.0;0.0;0.0;0.0;0.0;0.0;0.0;0.0;0.0;0.0;
241;981017;BNP PARIBAS;9070716.957866525;9071889.966501597;-1173.0086350720376;0.0;False;True;Groupama poste;9070716.957866525;20582260.859823212;775125.672071073;19652504.707721613;78133154.0092865;0.0;78133154.0092865;0.0;0.0;0.0;773952.6634360009;0.0;0.0;0.0;0.0;0.0;0.0;0.0;0.0;0.0;0.0;0.0;0.0;0.0;0.0;0.0;
242;981017;CACEIS BANK Luxembourg;0.0;0.0;0.0;100000.0;True;False;Aucun appel;0.0;20582260.859823212;0.0;19652504.707721613;78133154.0092865;0.0;78133154.0092865;0.0;0.0;0.0;0.0;0.0;0.0;0.0;0.0;0.0;0.0;0.0;0.0;0.0;0.0;0.0;0.0;0.0;0.0;0.0;
243;981017;CITIBANK EUROPE PUBLIC LIMITED COMPANY;-621893.4602142005;-698938.8759453512;77045.41573115066;100000.0;True;False;Aucun appel;-698938.8759453512;20582260.859823212;0.0;19652504.707721613;78133154.0092865;0.0;78133154.0092865;0.0;0.0;0.0;0.0;0.0;0.0;0.0;0.0;0.0;0.0;0.0;0.0;0.0;0.0;0.0;0.0;0.0;0.0;0.0;
244;981017;CREDIT AGRICOLE CORPORATE AND INVESTMENT BANK;112455.58494872041;141550.56576581163;-29094.980817091215;100000.0;True;False;Aucun appel;141550.56576581163;20582260.859823212;0.0;19652504.707721613;78133154.0092865;0.0;78133154.0092865;0.0;0.0;0.0;0.0;0.0;0.0;0.0;0.0;0.0;0.0;0.0;0.0;0.0;0.0;0.0;0.0;0.0;0.0;0.0;
245;981017;CREDIT SUISSE SECURITIES SOCIEDAD DE VALORES S.A.;0.0;0.0;0.0;100000.0;True;False;Aucun appel;0.0;20582260.859823212;0.0;19652504.707721613;78133154.0092865;0.0;78133154.0092865;0.0;0.0;0.0;0.0;0.0;0.0;0.0;0.0;0.0;0.0;0.0;0.0;0.0;0.0;0.0;0.0;0.0;0.0;0.0;
246;981017;Citigroup Global Markets Europe AG;0.0;0.0;0.0;100000.0;True;False;Aucun appel;0.0;20582260.859823212;0.0;19652504.707721613;78133154.0092865;0.0;78133154.0092865;0.0;0.0;0.0;0.0;0.0;0.0;0.0;0.0;0.0;0.0;0.0;0.0;0.0;0.0;0.0;0.0;0.0;0.0;0.0;
247;981017;DEUTSCHE BANK AKTIENGESELLSCHAFT;-2438563.86464088;-3045975.11622513;607411.25158425;100000.0;False;True;Contrepartie poste;-2438563.86464088;20582260.859823212;0.0;19652504.707721613;78133154.0092865;0.0;78133154.0092865;0.0;0.0;0.0;0.0;0.0;0.0;0.0;0.0;0.0;0.0;0.0;0.0;0.0;0.0;0.0;0.0;0.0;0.0;0.0;
248;981017;GOLDMAN SACHS BANK EUROPE SE;158254.32093936793;158048.8607250122;205.46021435572766;100000.0;True;False;Aucun appel;158048.8607250122;20582260.859823212;0.0;19652504.707721613;78133154.0092865;0.0;78133154.0092865;0.0;0.0;0.0;0.0;0.0;0.0;0.0;0.0;0.0;0.0;0.0;0.0;0.0;0.0;0.0;0.0;0.0;0.0;0.0;
249;981017;GOLDMAN SACHS INTERNATIONAL;0.0;0.0;0.0;100000.0;True;False;Aucun appel;0.0;20582260.859823212;0.0;19652504.707721613;78133154.0092865;0.0;78133154.0092865;0.0;0.0;0.0;0.0;0.0;0.0;0.0;0.0;0.0;0.0;0.0;0.0;0.0;0.0;0.0;0.0;0.0;0.0;0.0;
250;981017;GOLDMAN SACHS INTERNATIONAL  PARIS BRANCH;601199.5233041244;755830.0033346524;-154630.48003052804;0.0;False;True;Groupama poste;601199.5233041244;20582260.859823212;154630.48003052804;19652504.707721613;78133154.0092865;0.0;78133154.0092865;0.0;0.0;0.0;0.0;0.0;0.0;0.0;0.0;0.0;0.0;0.0;0.0;0.0;0.0;0.0;0.0;0.0;0.0;0.0;
251;981017;HSBC CONTINENTAL EUROPE;0.0;0.0;0.0;100000.0;True;False;Aucun appel;0.0;20582260.859823212;0.0;19652504.707721613;78133154.0092865;0.0;78133154.0092865;0.0;0.0;0.0;0.0;0.0;0.0;0.0;0.0;0.0;0.0;0.0;0.0;0.0;0.0;0.0;0.0;0.0;0.0;0.0;
252;981017;JP MORGAN SE;611818.240194066;519690.7109183391;92127.52927572688;250000.0;True;False;Aucun appel;519690.7109183391;20582260.859823212;0.0;19652504.707721613;78133154.0092865;0.0;78133154.0092865;0.0;0.0;0.0;0.0;0.0;0.0;0.0;0.0;0.0;0.0;0.0;0.0;0.0;0.0;0.0;0.0;0.0;0.0;0.0;
253;981017;MORGAN STANLEY EUROPE SE;605645.5266946779;676642.9338830422;-70997.4071883643;100000.0;True;False;Aucun appel;676642.9338830422;20582260.859823212;0.0;19652504.707721613;78133154.0092865;0.0;78133154.0092865;0.0;0.0;0.0;0.0;0.0;0.0;0.0;0.0;0.0;0.0;0.0;0.0;0.0;0.0;0.0;0.0;0.0;0.0;0.0;
254;981017;NATIXIS;751213.1011008654;850983.2854111709;-99770.18431030551;100000.0;True;False;Aucun appel;850983.2854111709;20582260.859823212;0.0;19652504.707721613;78133154.0092865;0.0;78133154.0092865;0.0;0.0;0.0;0.0;0.0;0.0;0.0;0.0;0.0;0.0;0.0;0.0;0.0;0.0;0.0;0.0;0.0;0.0;0.0;
255;981017;NOMURA FINANCIAL PRODUCTS EUROPE GMBH;0.0;0.0;0.0;100000.0;True;False;Aucun appel;0.0;20582260.859823212;0.0;19652504.707721613;78133154.0092865;0.0;78133154.0092865;0.0;0.0;0.0;0.0;0.0;0.0;0.0;0.0;0.0;0.0;0.0;0.0;0.0;0.0;0.0;0.0;0.0;0.0;0.0;
256;981017;SOCIETE GENERALE;0.0;0.0;0.0;100000.0;True;False;Aucun appel;0.0;20582260.859823212;0.0;19652504.707721613;78133154.0092865;0.0;78133154.0092865;0.0;0.0;0.0;0.0;0.0;0.0;0.0;0.0;0.0;0.0;0.0;0.0;0.0;0.0;0.0;0.0;0.0;0.0;0.0;
257;981017;State Street Bank International GmbH;0.0;0.0;0.0;100000.0;True;False;Aucun appel;0.0;20582260.859823212;0.0;19652504.707721613;78133154.0092865;0.0;78133154.0092865;0.0;0.0;0.0;0.0;0.0;0.0;0.0;0.0;0.0;0.0;0.0;0.0;0.0;0.0;0.0;0.0;0.0;0.0;0.0;
