;Portfolio;Counterparty;Balance_J;Balance_J_1;Variation;Seuil declenchement;Seuil_respecte;Appel_declenche;Sens_appel;Balance_apres_appel;Fonds_monetaires_initial;Fonds_monetaires_utilises;Fonds_monetaires_restant;Obligations_liquides_initial;Obligations_liquides_utilisees;Obligations_liquides_restantes;Cash_deficit_couvert_par_fonds;Cash_deficit_couvert_par_obligations;Futures_augmentent_cash;Futures_couverts_par_fonds;Futures_couverts_par_cash;Futures_couverts_par_obligations;Options_augmentent_cash;Options_couverts_par_fonds;Options_couverts_par_cash;Options_couverts_par_obligations;Liability_total;Liability_couverts_par_fonds;Liability_couverts_par_cash;Liability_couverts_par_obligations;Cash_initial;Cash_disponible;Cash_utilise;Cash_restant;Alerte
0;300128;BNP PARIBAS;0.0;0.0;0.0;100000.0;True;False;Aucun appel;0.0;0.0;0.0;0.0;365083903.81474006;0.0;365083903.81474006;0.0;0.0;3332382.6504999995;0.0;0.0;0.0;630029.8376000001;0.0;0.0;0.0;0.0;0.0;0.0;0.0;3962412.4880999997;3962412.4880999997;0.0;3579745.9624913246;
1;300128;CITIBANK EUROPE PUBLIC LIMITED COMPANY;241624.4310575;200000.0;41624.43105750001;100000.0;True;False;Aucun appel;200000.0;0.0;0.0;0.0;365083903.81474006;0.0;365083903.81474006;0.0;0.0;0.0;0.0;0.0;0.0;0.0;0.0;0.0;0.0;0.0;0.0;0.0;0.0;3962412.4880999997;3962412.4880999997;0.0;3579745.9624913246;
2;300128;CREDIT AGRICOLE CORPORATE AND INVESTMENT BANK;16206.290784999957;0.0;16206.290784999957;100000.0;True;False;Aucun appel;0.0;0.0;0.0;0.0;365083903.81474006;0.0;365083903.81474006;0.0;0.0;0.0;0.0;0.0;0.0;0.0;0.0;0.0;0.0;0.0;0.0;0.0;0.0;3962412.4880999997;3962412.4880999997;0.0;3579745.9624913246;
3;300128;CREDIT SUISSE SECURITIES SOCIEDAD DE VALORES S.A.;0.0;0.0;0.0;100000.0;True;False;Aucun appel;0.0;0.0;0.0;0.0;365083903.81474006;0.0;365083903.81474006;0.0;0.0;0.0;0.0;0.0;0.0;0.0;0.0;0.0;0.0;0.0;0.0;0.0;0.0;3962412.4880999997;3962412.4880999997;0.0;3579745.9624913246;
4;300128;Citigroup Global Markets Europe AG;0.0;0.0;0.0;100000.0;True;False;Aucun appel;0.0;0.0;0.0;0.0;365083903.81474006;0.0;365083903.81474006;0.0;0.0;0.0;0.0;0.0;0.0;0.0;0.0;0.0;0.0;0.0;0.0;0.0;0.0;3962412.4880999997;3962412.4880999997;0.0;3579745.9624913246;
5;300128;DEUTSCHE BANK AKTIENGESELLSCHAFT;0.0;-2040000.0;2040000.0;100000.0;False;True;Contrepartie poste;0.0;0.0;0.0;0.0;365083903.81474006;0.0;365083903.81474006;0.0;0.0;0.0;0.0;0.0;0.0;0.0;0.0;0.0;0.0;0.0;0.0;0.0;0.0;3962412.4880999997;3962412.4880999997;0.0;3579745.9624913246;
6;300128;GOLDMAN SACHS BANK EUROPE SE;-387666.5256086751;-260000.0;-127666.52560867509;100000.0;False;True;Groupama poste;-387666.5256086751;0.0;0.0;0.0;365083903.81474006;0.0;365083903.81474006;0.0;0.0;0.0;0.0;0.0;0.0;0.0;0.0;0.0;0.0;0.0;0.0;0.0;0.0;3962412.4880999997;3962412.4880999997;127666.52560867509;3579745.9624913246;
7;300128;GOLDMAN SACHS INTERNATIONAL;0.0;255000.0;-255000.0;100000.0;False;True;Groupama poste;0.0;0.0;0.0;0.0;365083903.81474006;0.0;365083903.81474006;0.0;0.0;0.0;0.0;0.0;0.0;0.0;0.0;0.0;0.0;0.0;0.0;0.0;0.0;3962412.4880999997;3962412.4880999997;255000.0;3579745.9624913246;
8;300128;GOLDMAN SACHS INTERNATIONAL  PARIS BRANCH;517340.88575250003;0.0;517340.88575250003;0.0;False;True;Contrepartie poste;517340.88575250003;0.0;0.0;0.0;365083903.81474006;0.0;365083903.81474006;0.0;0.0;0.0;0.0;0.0;0.0;0.0;0.0;0.0;0.0;0.0;0.0;0.0;0.0;3962412.4880999997;3962412.4880999997;0.0;3579745.9624913246;
9;300128;HSBC CONTINENTAL EUROPE;0.0;0.0;0.0;100000.0;True;False;Aucun appel;0.0;0.0;0.0;0.0;365083903.81474006;0.0;365083903.81474006;0.0;0.0;0.0;0.0;0.0;0.0;0.0;0.0;0.0;0.0;0.0;0.0;0.0;0.0;3962412.4880999997;3962412.4880999997;0.0;3579745.9624913246;
10;300128;J.P. MORGAN SECURITIES LIMITED;0.0;0.0;0.0;100000.0;True;False;Aucun appel;0.0;0.0;0.0;0.0;365083903.81474006;0.0;365083903.81474006;0.0;0.0;0.0;0.0;0.0;0.0;0.0;0.0;0.0;0.0;0.0;0.0;0.0;0.0;3962412.4880999997;3962412.4880999997;0.0;3579745.9624913246;
11;300128;JP MORGAN SE;281000.65802324994;0.0;281000.65802324994;100000.0;False;True;Contrepartie poste;281000.65802324994;0.0;0.0;0.0;365083903.81474006;0.0;365083903.81474006;0.0;0.0;0.0;0.0;0.0;0.0;0.0;0.0;0.0;0.0;0.0;0.0;0.0;0.0;3962412.4880999997;3962412.4880999997;0.0;3579745.9624913246;
12;300128;MORGAN STANLEY EUROPE SE;1030662.472565;110000.0;920662.472565;100000.0;False;True;Contrepartie poste;1030662.472565;0.0;0.0;0.0;365083903.81474006;0.0;365083903.81474006;0.0;0.0;0.0;0.0;0.0;0.0;0.0;0.0;0.0;0.0;0.0;0.0;0.0;0.0;3962412.4880999997;3962412.4880999997;0.0;3579745.9624913246;
13;300128;NATIXIS;-20552.83999999985;0.0;-20552.83999999985;100000.0;True;False;Aucun appel;0.0;0.0;0.0;0.0;365083903.81474006;0.0;365083903.81474006;0.0;0.0;0.0;0.0;0.0;0.0;0.0;0.0;0.0;0.0;0.0;0.0;0.0;0.0;3962412.4880999997;3962412.4880999997;0.0;3579745.9624913246;
14;300128;ROYAL BANK OF CANADA FX;0.0;0.0;0.0;0.0;True;False;Aucun appel;0.0;0.0;0.0;0.0;365083903.81474006;0.0;365083903.81474006;0.0;0.0;0.0;0.0;0.0;0.0;0.0;0.0;0.0;0.0;0.0;0.0;0.0;0.0;3962412.4880999997;3962412.4880999997;0.0;3579745.9624913246;
15;300128;ROYAL BANK OF CANADA PARIS BRANCH;0.0;0.0;0.0;100000.0;True;False;Aucun appel;0.0;0.0;0.0;0.0;365083903.81474006;0.0;365083903.81474006;0.0;0.0;0.0;0.0;0.0;0.0;0.0;0.0;0.0;0.0;0.0;0.0;0.0;0.0;3962412.4880999997;3962412.4880999997;0.0;3579745.9624913246;
16;300128;SOCIETE GENERALE;0.0;0.0;0.0;100000.0;True;False;Aucun appel;0.0;0.0;0.0;0.0;365083903.81474006;0.0;365083903.81474006;0.0;0.0;0.0;0.0;0.0;0.0;0.0;0.0;0.0;0.0;0.0;0.0;0.0;0.0;3962412.4880999997;3962412.4880999997;0.0;3579745.9624913246;
17;300128;State Street Bank International GmbH;0.0;0.0;0.0;100000.0;True;False;Aucun appel;0.0;0.0;0.0;0.0;365083903.81474006;0.0;365083903.81474006;0.0;0.0;0.0;0.0;0.0;0.0;0.0;0.0;0.0;0.0;0.0;0.0;0.0;0.0;3962412.4880999997;3962412.4880999997;0.0;3579745.9624913246;
18;300154;BNP PARIBAS;0.0;0.0;0.0;100000.0;True;False;Aucun appel;0.0;38612399.3419;11859574.533965265;26752824.807934735;0.0;0.0;0.0;0.0;0.0;0.0;2484129.8825;0.0;0.0;0.0;149745.2151;0.0;0.0;9225699.436365265;9225699.436365265;0.0;0.0;0.0;0.0;0.0;0.0;
19;300154;CREDIT AGRICOLE CORPORATE AND INVESTMENT BANK;0.0;0.0;0.0;100000.0;True;False;Aucun appel;0.0;38612399.3419;0.0;26752824.807934735;0.0;0.0;0.0;0.0;0.0;0.0;0.0;0.0;0.0;0.0;0.0;0.0;0.0;9225699.436365265;0.0;0.0;0.0;0.0;0.0;0.0;0.0;
20;300154;CREDIT SUISSE INTERNATIONAL FX;0.0;0.0;0.0;100000.0;True;False;Aucun appel;0.0;38612399.3419;0.0;26752824.807934735;0.0;0.0;0.0;0.0;0.0;0.0;0.0;0.0;0.0;0.0;0.0;0.0;0.0;9225699.436365265;0.0;0.0;0.0;0.0;0.0;0.0;0.0;
21;300154;GOLDMAN SACHS INTERNATIONAL;0.0;0.0;0.0;100000.0;True;False;Aucun appel;0.0;38612399.3419;0.0;26752824.807934735;0.0;0.0;0.0;0.0;0.0;0.0;0.0;0.0;0.0;0.0;0.0;0.0;0.0;9225699.436365265;0.0;0.0;0.0;0.0;0.0;0.0;0.0;
22;300154;HSBC CONTINENTAL EUROPE;0.0;0.0;0.0;100000.0;True;False;Aucun appel;0.0;38612399.3419;0.0;26752824.807934735;0.0;0.0;0.0;0.0;0.0;0.0;0.0;0.0;0.0;0.0;0.0;0.0;0.0;9225699.436365265;0.0;0.0;0.0;0.0;0.0;0.0;0.0;
23;300154;J.P. MORGAN SECURITIES LIMITED;0.0;0.0;0.0;100000.0;True;False;Aucun appel;0.0;38612399.3419;0.0;26752824.807934735;0.0;0.0;0.0;0.0;0.0;0.0;0.0;0.0;0.0;0.0;0.0;0.0;0.0;9225699.436365265;0.0;0.0;0.0;0.0;0.0;0.0;0.0;
24;300154;JP MORGAN SE;0.0;0.0;0.0;100000.0;True;False;Aucun appel;0.0;38612399.3419;0.0;26752824.807934735;0.0;0.0;0.0;0.0;0.0;0.0;0.0;0.0;0.0;0.0;0.0;0.0;0.0;9225699.436365265;0.0;0.0;0.0;0.0;0.0;0.0;0.0;
25;300154;MORGAN STANLEY EUROPE SE;0.0;0.0;0.0;100000.0;True;False;Aucun appel;0.0;38612399.3419;0.0;26752824.807934735;0.0;0.0;0.0;0.0;0.0;0.0;0.0;0.0;0.0;0.0;0.0;0.0;0.0;9225699.436365265;0.0;0.0;0.0;0.0;0.0;0.0;0.0;
26;300154;NATIXIS;0.0;0.0;0.0;100000.0;True;False;Aucun appel;0.0;38612399.3419;0.0;26752824.807934735;0.0;0.0;0.0;0.0;0.0;0.0;0.0;0.0;0.0;0.0;0.0;0.0;0.0;9225699.436365265;0.0;0.0;0.0;0.0;0.0;0.0;0.0;
27;300154;ROYAL BANK OF CANADA FX;0.0;0.0;0.0;100000.0;True;False;Aucun appel;0.0;38612399.3419;0.0;26752824.807934735;0.0;0.0;0.0;0.0;0.0;0.0;0.0;0.0;0.0;0.0;0.0;0.0;0.0;9225699.436365265;0.0;0.0;0.0;0.0;0.0;0.0;0.0;
28;300154;ROYAL BANK OF CANADA PARIS BRANCH;0.0;0.0;0.0;100000.0;True;False;Aucun appel;0.0;38612399.3419;0.0;26752824.807934735;0.0;0.0;0.0;0.0;0.0;0.0;0.0;0.0;0.0;0.0;0.0;0.0;0.0;9225699.436365265;0.0;0.0;0.0;0.0;0.0;0.0;0.0;
29;300154;SOCIETE GENERALE;0.0;0.0;0.0;100000.0;True;False;Aucun appel;0.0;38612399.3419;0.0;26752824.807934735;0.0;0.0;0.0;0.0;0.0;0.0;0.0;0.0;0.0;0.0;0.0;0.0;0.0;9225699.436365265;0.0;0.0;0.0;0.0;0.0;0.0;0.0;
30;300155;BNP PARIBAS;0.0;0.0;0.0;100000.0;True;False;Aucun appel;0.0;46334866.106130004;13869760.213995002;32330929.71076;0.0;0.0;0.0;2033373.97;0.0;0.0;11771988.990895001;0.0;0.0;0.0;64397.2531;0.0;0.0;0.0;0.0;0.0;0.0;0.0;0.0;0.0;0.0;
31;300155;CITIBANK EUROPE PUBLIC LIMITED COMPANY;0.0;0.0;0.0;100000.0;True;False;Aucun appel;0.0;46334866.106130004;0.0;32330929.71076;0.0;0.0;0.0;0.0;0.0;0.0;0.0;0.0;0.0;0.0;0.0;0.0;0.0;0.0;0.0;0.0;0.0;0.0;0.0;0.0;0.0;
32;300155;CREDIT AGRICOLE CORPORATE AND INVESTMENT BANK;0.0;0.0;0.0;100000.0;True;False;Aucun appel;0.0;46334866.106130004;0.0;32330929.71076;0.0;0.0;0.0;0.0;0.0;0.0;0.0;0.0;0.0;0.0;0.0;0.0;0.0;0.0;0.0;0.0;0.0;0.0;0.0;0.0;0.0;
33;300155;CREDIT SUISSE INTERNATIONAL FX;0.0;0.0;0.0;100000.0;True;False;Aucun appel;0.0;46334866.106130004;0.0;32330929.71076;0.0;0.0;0.0;0.0;0.0;0.0;0.0;0.0;0.0;0.0;0.0;0.0;0.0;0.0;0.0;0.0;0.0;0.0;0.0;0.0;0.0;
34;300155;GOLDMAN SACHS INTERNATIONAL;0.0;0.0;0.0;100000.0;True;False;Aucun appel;0.0;46334866.106130004;0.0;32330929.71076;0.0;0.0;0.0;0.0;0.0;0.0;0.0;0.0;0.0;0.0;0.0;0.0;0.0;0.0;0.0;0.0;0.0;0.0;0.0;0.0;0.0;
35;300155;HSBC CONTINENTAL EUROPE;0.0;0.0;0.0;100000.0;True;False;Aucun appel;0.0;46334866.106130004;0.0;32330929.71076;0.0;0.0;0.0;0.0;0.0;0.0;0.0;0.0;0.0;0.0;0.0;0.0;0.0;0.0;0.0;0.0;0.0;0.0;0.0;0.0;0.0;
36;300155;J.P. MORGAN SECURITIES LIMITED;0.0;0.0;0.0;100000.0;True;False;Aucun appel;0.0;46334866.106130004;0.0;32330929.71076;0.0;0.0;0.0;0.0;0.0;0.0;0.0;0.0;0.0;0.0;0.0;0.0;0.0;0.0;0.0;0.0;0.0;0.0;0.0;0.0;0.0;
37;300155;JP MORGAN SE;0.0;0.0;0.0;100000.0;True;False;Aucun appel;0.0;46334866.106130004;0.0;32330929.71076;0.0;0.0;0.0;0.0;0.0;0.0;0.0;0.0;0.0;0.0;0.0;0.0;0.0;0.0;0.0;0.0;0.0;0.0;0.0;0.0;0.0;
38;300155;MORGAN STANLEY EUROPE SE;0.0;0.0;0.0;100000.0;True;False;Aucun appel;0.0;46334866.106130004;0.0;32330929.71076;0.0;0.0;0.0;0.0;0.0;0.0;0.0;0.0;0.0;0.0;0.0;0.0;0.0;0.0;0.0;0.0;0.0;0.0;0.0;0.0;0.0;
39;300155;NATIXIS;0.0;0.0;0.0;100000.0;True;False;Aucun appel;0.0;46334866.106130004;0.0;32330929.71076;0.0;0.0;0.0;0.0;0.0;0.0;0.0;0.0;0.0;0.0;0.0;0.0;0.0;0.0;0.0;0.0;0.0;0.0;0.0;0.0;0.0;
40;300155;ROYAL BANK OF CANADA FX;0.0;0.0;0.0;100000.0;True;False;Aucun appel;0.0;46334866.106130004;0.0;32330929.71076;0.0;0.0;0.0;0.0;0.0;0.0;0.0;0.0;0.0;0.0;0.0;0.0;0.0;0.0;0.0;0.0;0.0;0.0;0.0;0.0;0.0;
41;300155;ROYAL BANK OF CANADA PARIS BRANCH;0.0;0.0;0.0;100000.0;True;False;Aucun appel;0.0;46334866.106130004;0.0;32330929.71076;0.0;0.0;0.0;0.0;0.0;0.0;0.0;0.0;0.0;0.0;0.0;0.0;0.0;0.0;0.0;0.0;0.0;0.0;0.0;0.0;0.0;
42;300155;SOCIETE GENERALE;0.0;0.0;0.0;100000.0;True;False;Aucun appel;0.0;46334866.106130004;0.0;32330929.71076;0.0;0.0;0.0;0.0;0.0;0.0;0.0;0.0;0.0;0.0;0.0;0.0;0.0;0.0;0.0;0.0;0.0;0.0;0.0;0.0;0.0;
43;300155;State Street Bank International GmbH;-134176.1813750001;0.0;-134176.1813750001;100000.0;False;True;Groupama poste;-134176.1813750001;46334866.106130004;134176.1813750001;32330929.71076;0.0;0.0;0.0;0.0;0.0;0.0;0.0;0.0;0.0;0.0;0.0;0.0;0.0;0.0;0.0;0.0;0.0;0.0;0.0;0.0;0.0;
44;300156;BNP PARIBAS;0.0;0.0;0.0;100000.0;True;False;Aucun appel;0.0;59190525.890070006;11910728.312354298;47167378.77656571;0.0;0.0;0.0;0.0;0.0;0.0;10977539.4533;0.0;0.0;138690.43825;0.0;0.0;0.0;933188.8590542998;933188.8590542998;0.0;0.0;2843037.52825;2843037.52825;0.0;2843037.52825;
45;300156;CREDIT AGRICOLE CORPORATE AND INVESTMENT BANK;0.0;0.0;0.0;100000.0;True;False;Aucun appel;0.0;59190525.890070006;0.0;47167378.77656571;0.0;0.0;0.0;0.0;0.0;0.0;0.0;0.0;0.0;0.0;0.0;0.0;0.0;933188.8590542998;0.0;0.0;0.0;2843037.52825;2843037.52825;0.0;2843037.52825;
46;300156;CREDIT SUISSE INTERNATIONAL FX;0.0;0.0;0.0;100000.0;True;False;Aucun appel;0.0;59190525.890070006;0.0;47167378.77656571;0.0;0.0;0.0;0.0;0.0;0.0;0.0;0.0;0.0;0.0;0.0;0.0;0.0;933188.8590542998;0.0;0.0;0.0;2843037.52825;2843037.52825;0.0;2843037.52825;
47;300156;GOLDMAN SACHS INTERNATIONAL;0.0;0.0;0.0;100000.0;True;False;Aucun appel;0.0;59190525.890070006;0.0;47167378.77656571;0.0;0.0;0.0;0.0;0.0;0.0;0.0;0.0;0.0;0.0;0.0;0.0;0.0;933188.8590542998;0.0;0.0;0.0;2843037.52825;2843037.52825;0.0;2843037.52825;
48;300156;HSBC CONTINENTAL EUROPE;0.0;0.0;0.0;100000.0;True;False;Aucun appel;0.0;59190525.890070006;0.0;47167378.77656571;0.0;0.0;0.0;0.0;0.0;0.0;0.0;0.0;0.0;0.0;0.0;0.0;0.0;933188.8590542998;0.0;0.0;0.0;2843037.52825;2843037.52825;0.0;2843037.52825;
49;300156;J.P. MORGAN SECURITIES LIMITED;0.0;0.0;0.0;100000.0;True;False;Aucun appel;0.0;59190525.890070006;0.0;47167378.77656571;0.0;0.0;0.0;0.0;0.0;0.0;0.0;0.0;0.0;0.0;0.0;0.0;0.0;933188.8590542998;0.0;0.0;0.0;2843037.52825;2843037.52825;0.0;2843037.52825;
50;300156;JP MORGAN SE;0.0;0.0;0.0;100000.0;True;False;Aucun appel;0.0;59190525.890070006;0.0;47167378.77656571;0.0;0.0;0.0;0.0;0.0;0.0;0.0;0.0;0.0;0.0;0.0;0.0;0.0;933188.8590542998;0.0;0.0;0.0;2843037.52825;2843037.52825;0.0;2843037.52825;
51;300156;MORGAN STANLEY EUROPE SE;0.0;0.0;0.0;100000.0;True;False;Aucun appel;0.0;59190525.890070006;0.0;47167378.77656571;0.0;0.0;0.0;0.0;0.0;0.0;0.0;0.0;0.0;0.0;0.0;0.0;0.0;933188.8590542998;0.0;0.0;0.0;2843037.52825;2843037.52825;0.0;2843037.52825;
52;300156;NATIXIS;-112418.80114999964;0.0;-112418.80114999964;100000.0;False;True;Groupama poste;-112418.80114999964;59190525.890070006;112418.80114999964;47167378.77656571;0.0;0.0;0.0;0.0;0.0;0.0;0.0;0.0;0.0;0.0;0.0;0.0;0.0;933188.8590542998;0.0;0.0;0.0;2843037.52825;2843037.52825;0.0;2843037.52825;
53;300156;ROYAL BANK OF CANADA FX;0.0;0.0;0.0;100000.0;True;False;Aucun appel;0.0;59190525.890070006;0.0;47167378.77656571;0.0;0.0;0.0;0.0;0.0;0.0;0.0;0.0;0.0;0.0;0.0;0.0;0.0;933188.8590542998;0.0;0.0;0.0;2843037.52825;2843037.52825;0.0;2843037.52825;
54;300156;ROYAL BANK OF CANADA PARIS BRANCH;0.0;0.0;0.0;100000.0;True;False;Aucun appel;0.0;59190525.890070006;0.0;47167378.77656571;0.0;0.0;0.0;0.0;0.0;0.0;0.0;0.0;0.0;0.0;0.0;0.0;0.0;933188.8590542998;0.0;0.0;0.0;2843037.52825;2843037.52825;0.0;2843037.52825;
55;300156;SOCIETE GENERALE;0.0;0.0;0.0;100000.0;True;False;Aucun appel;0.0;59190525.890070006;0.0;47167378.77656571;0.0;0.0;0.0;0.0;0.0;0.0;0.0;0.0;0.0;0.0;0.0;0.0;0.0;933188.8590542998;0.0;0.0;0.0;2843037.52825;2843037.52825;0.0;2843037.52825;
56;300156;State Street Bank International GmbH;0.0;0.0;0.0;100000.0;True;False;Aucun appel;0.0;59190525.890070006;0.0;47167378.77656571;0.0;0.0;0.0;0.0;0.0;0.0;0.0;0.0;0.0;0.0;0.0;0.0;0.0;933188.8590542998;0.0;0.0;0.0;2843037.52825;2843037.52825;0.0;2843037.52825;
57;300191;BARCLAYS BANK IRELAND PUBLIC LIMITED COMPANY;0.0;0.0;0.0;100000.0;True;False;Aucun appel;0.0;0.0;0.0;0.0;0.0;0.0;0.0;0.0;0.0;0.0;0.0;0.0;0.0;0.0;0.0;0.0;0.0;0.0;0.0;0.0;0.0;0.0;0.0;0.0;0.0;
58;300191;BARCLAYS CAPITAL SECURITIES LTD;0.0;0.0;0.0;100000.0;True;False;Aucun appel;0.0;0.0;0.0;0.0;0.0;0.0;0.0;0.0;0.0;0.0;0.0;0.0;0.0;0.0;0.0;0.0;0.0;0.0;0.0;0.0;0.0;0.0;0.0;0.0;0.0;
59;300191;BNP PARIBAS;60717.445003975;0.0;60717.445003975;100000.0;True;False;Aucun appel;0.0;0.0;0.0;0.0;0.0;0.0;0.0;0.0;0.0;0.0;0.0;0.0;0.0;0.0;0.0;0.0;0.0;0.0;0.0;0.0;0.0;0.0;0.0;0.0;0.0;
60;300191;CITIBANK EUROPE PUBLIC LIMITED COMPANY;0.0;0.0;0.0;100000.0;True;False;Aucun appel;0.0;0.0;0.0;0.0;0.0;0.0;0.0;0.0;0.0;0.0;0.0;0.0;0.0;0.0;0.0;0.0;0.0;0.0;0.0;0.0;0.0;0.0;0.0;0.0;0.0;
61;300191;CREDIT AGRICOLE CORPORATE AND INVESTMENT BANK;342778.209167275;0.0;342778.209167275;100000.0;False;True;Contrepartie poste;342778.209167275;0.0;0.0;0.0;0.0;0.0;0.0;0.0;0.0;0.0;0.0;0.0;0.0;0.0;0.0;0.0;0.0;0.0;0.0;0.0;0.0;0.0;0.0;0.0;0.0;
62;300191;GOLDMAN SACHS BANK EUROPE SE;0.0;0.0;0.0;100000.0;True;False;Aucun appel;0.0;0.0;0.0;0.0;0.0;0.0;0.0;0.0;0.0;0.0;0.0;0.0;0.0;0.0;0.0;0.0;0.0;0.0;0.0;0.0;0.0;0.0;0.0;0.0;0.0;
63;300191;HSBC CONTINENTAL EUROPE;0.0;0.0;0.0;100000.0;True;False;Aucun appel;0.0;0.0;0.0;0.0;0.0;0.0;0.0;0.0;0.0;0.0;0.0;0.0;0.0;0.0;0.0;0.0;0.0;0.0;0.0;0.0;0.0;0.0;0.0;0.0;0.0;
64;300191;JP MORGAN SE;1913.1637094000002;0.0;1913.1637094000002;250000.0;True;False;Aucun appel;0.0;0.0;0.0;0.0;0.0;0.0;0.0;0.0;0.0;0.0;0.0;0.0;0.0;0.0;0.0;0.0;0.0;0.0;0.0;0.0;0.0;0.0;0.0;0.0;0.0;
65;300191;NATIXIS;309920.6377265;-10000.0;319920.6377265;100000.0;False;True;Contrepartie poste;309920.6377265;0.0;0.0;0.0;0.0;0.0;0.0;0.0;0.0;0.0;0.0;0.0;0.0;0.0;0.0;0.0;0.0;0.0;0.0;0.0;0.0;0.0;0.0;0.0;0.0;
66;300191;NOMURA FINANCIAL PRODUCTS EUROPE GMBH;53721.27844665;-110000.0;163721.27844665002;100000.0;False;True;Contrepartie poste;53721.278446650016;0.0;0.0;0.0;0.0;0.0;0.0;0.0;0.0;0.0;0.0;0.0;0.0;0.0;0.0;0.0;0.0;0.0;0.0;0.0;0.0;0.0;0.0;0.0;0.0;
67;300191;SOCIETE GENERALE;69342.00332075;-110000.0;179342.00332075;100000.0;False;True;Contrepartie poste;69342.00332075;0.0;0.0;0.0;0.0;0.0;0.0;0.0;0.0;0.0;0.0;0.0;0.0;0.0;0.0;0.0;0.0;0.0;0.0;0.0;0.0;0.0;0.0;0.0;0.0;
68;300193;BNP PARIBAS;4292718.9514475;490000.0;3802718.9514475;100000.0;False;True;Contrepartie poste;4292718.9514475;30989649.8295;1089629.5211999998;29900020.3083;21688218.8395775;0.0;21688218.8395775;0.0;0.0;0.0;1089629.5211999998;0.0;0.0;0.0;0.0;0.0;0.0;0.0;0.0;0.0;0.0;1747593.25;1747593.25;0.0;1747593.25;
69;300193;CREDIT AGRICOLE CORPORATE AND INVESTMENT BANK;0.0;0.0;0.0;100000.0;True;False;Aucun appel;0.0;30989649.8295;0.0;29900020.3083;21688218.8395775;0.0;21688218.8395775;0.0;0.0;0.0;0.0;0.0;0.0;0.0;0.0;0.0;0.0;0.0;0.0;0.0;0.0;1747593.25;1747593.25;0.0;1747593.25;
70;300193;DEUTSCHE BANK AKTIENGESELLSCHAFT;0.0;0.0;0.0;100000.0;True;False;Aucun appel;0.0;30989649.8295;0.0;29900020.3083;21688218.8395775;0.0;21688218.8395775;0.0;0.0;0.0;0.0;0.0;0.0;0.0;0.0;0.0;0.0;0.0;0.0;0.0;0.0;1747593.25;1747593.25;0.0;1747593.25;
71;300193;GOLDMAN SACHS INTERNATIONAL;0.0;0.0;0.0;100000.0;True;False;Aucun appel;0.0;30989649.8295;0.0;29900020.3083;21688218.8395775;0.0;21688218.8395775;0.0;0.0;0.0;0.0;0.0;0.0;0.0;0.0;0.0;0.0;0.0;0.0;0.0;0.0;1747593.25;1747593.25;0.0;1747593.25;
72;300193;JP MORGAN SE;0.0;0.0;0.0;100000.0;True;False;Aucun appel;0.0;30989649.8295;0.0;29900020.3083;21688218.8395775;0.0;21688218.8395775;0.0;0.0;0.0;0.0;0.0;0.0;0.0;0.0;0.0;0.0;0.0;0.0;0.0;0.0;1747593.25;1747593.25;0.0;1747593.25;
73;300193;MORGAN STANLEY EUROPE SE;659401.819500002;-20000.0;679401.819500002;100000.0;False;True;Contrepartie poste;659401.819500002;30989649.8295;0.0;29900020.3083;21688218.8395775;0.0;21688218.8395775;0.0;0.0;0.0;0.0;0.0;0.0;0.0;0.0;0.0;0.0;0.0;0.0;0.0;0.0;1747593.25;1747593.25;0.0;1747593.25;
74;300193;NATIXIS;0.0;0.0;0.0;100000.0;True;False;Aucun appel;0.0;30989649.8295;0.0;29900020.3083;21688218.8395775;0.0;21688218.8395775;0.0;0.0;0.0;0.0;0.0;0.0;0.0;0.0;0.0;0.0;0.0;0.0;0.0;0.0;1747593.25;1747593.25;0.0;1747593.25;
75;300193;ROYAL BANK OF CANADA FX;0.0;0.0;0.0;100000.0;True;False;Aucun appel;0.0;30989649.8295;0.0;29900020.3083;21688218.8395775;0.0;21688218.8395775;0.0;0.0;0.0;0.0;0.0;0.0;0.0;0.0;0.0;0.0;0.0;0.0;0.0;0.0;1747593.25;1747593.25;0.0;1747593.25;
76;300193;ROYAL BANK OF CANADA PARIS BRANCH;0.0;0.0;0.0;100000.0;True;False;Aucun appel;0.0;30989649.8295;0.0;29900020.3083;21688218.8395775;0.0;21688218.8395775;0.0;0.0;0.0;0.0;0.0;0.0;0.0;0.0;0.0;0.0;0.0;0.0;0.0;0.0;1747593.25;1747593.25;0.0;1747593.25;
77;300193;SOCIETE GENERALE;0.0;0.0;0.0;100000.0;True;False;Aucun appel;0.0;30989649.8295;0.0;29900020.3083;21688218.8395775;0.0;21688218.8395775;0.0;0.0;0.0;0.0;0.0;0.0;0.0;0.0;0.0;0.0;0.0;0.0;0.0;0.0;1747593.25;1747593.25;0.0;1747593.25;
78;300203;BARCLAYS CAPITAL SECURITIES LTD;0.0;0.0;0.0;100000.0;True;False;Aucun appel;0.0;499440968.4906;100985040.02904;398455928.46156;42011457.39534;0.0;42011457.39534;0.0;0.0;0.0;0.0;0.0;0.0;0.0;0.0;0.0;0.0;100985040.02904;100985040.02904;0.0;0.0;996960370.7;996960370.7;0.0;996960370.7;
79;300203;BNP PARIBAS;170535.89855115997;-180000.0;350535.89855116;100000.0;False;True;Contrepartie poste;170535.89855116;499440968.4906;0.0;398455928.46156;42011457.39534;0.0;42011457.39534;0.0;0.0;0.0;0.0;0.0;0.0;0.0;0.0;0.0;0.0;100985040.02904;0.0;0.0;0.0;996960370.7;996960370.7;0.0;996960370.7;
80;300203;CITIBANK EUROPE PUBLIC LIMITED COMPANY;-42926.135136200595;0.0;-42926.135136200595;100000.0;True;False;Aucun appel;0.0;499440968.4906;0.0;398455928.46156;42011457.39534;0.0;42011457.39534;0.0;0.0;0.0;0.0;0.0;0.0;0.0;0.0;0.0;0.0;100985040.02904;0.0;0.0;0.0;996960370.7;996960370.7;0.0;996960370.7;
81;300203;CREDIT AGRICOLE CORPORATE AND INVESTMENT BANK;484671.1578740416;-110000.0;594671.1578740416;100000.0;False;True;Contrepartie poste;484671.1578740416;499440968.4906;0.0;398455928.46156;42011457.39534;0.0;42011457.39534;0.0;0.0;0.0;0.0;0.0;0.0;0.0;0.0;0.0;0.0;100985040.02904;0.0;0.0;0.0;996960370.7;996960370.7;0.0;996960370.7;
82;300203;HSBC CONTINENTAL EUROPE;0.0;0.0;0.0;100000.0;True;False;Aucun appel;0.0;499440968.4906;0.0;398455928.46156;42011457.39534;0.0;42011457.39534;0.0;0.0;0.0;0.0;0.0;0.0;0.0;0.0;0.0;0.0;100985040.02904;0.0;0.0;0.0;996960370.7;996960370.7;0.0;996960370.7;
83;300203;JP MORGAN SE;-2990.4615745993037;-25000.0;22009.538425400697;100000.0;True;False;Aucun appel;-25000.0;499440968.4906;0.0;398455928.46156;42011457.39534;0.0;42011457.39534;0.0;0.0;0.0;0.0;0.0;0.0;0.0;0.0;0.0;0.0;100985040.02904;0.0;0.0;0.0;996960370.7;996960370.7;0.0;996960370.7;
84;300203;NATIXIS;129516.1728578787;-590000.0;719516.1728578787;100000.0;False;True;Contrepartie poste;129516.17285787873;499440968.4906;0.0;398455928.46156;42011457.39534;0.0;42011457.39534;0.0;0.0;0.0;0.0;0.0;0.0;0.0;0.0;0.0;0.0;100985040.02904;0.0;0.0;0.0;996960370.7;996960370.7;0.0;996960370.7;
85;300203;NOMURA FINANCIAL PRODUCTS EUROPE GMBH;-99499.93616539569;-290000.0;190500.0638346043;100000.0;False;True;Contrepartie poste;-99499.93616539569;499440968.4906;0.0;398455928.46156;42011457.39534;0.0;42011457.39534;0.0;0.0;0.0;0.0;0.0;0.0;0.0;0.0;0.0;0.0;100985040.02904;0.0;0.0;0.0;996960370.7;996960370.7;0.0;996960370.7;
86;300203;SOCIETE GENERALE;-191686.9386285243;-230000.0;38313.06137147569;100000.0;True;False;Aucun appel;-230000.0;499440968.4906;0.0;398455928.46156;42011457.39534;0.0;42011457.39534;0.0;0.0;0.0;0.0;0.0;0.0;0.0;0.0;0.0;0.0;100985040.02904;0.0;0.0;0.0;996960370.7;996960370.7;0.0;996960370.7;
87;300208;BARCLAYS BANK IRELAND PUBLIC LIMITED COMPANY;0.0;0.0;0.0;100000.0;True;False;Aucun appel;0.0;0.0;0.0;0.0;0.0;0.0;0.0;0.0;0.0;0.0;0.0;0.0;0.0;0.0;0.0;0.0;0.0;125784852.4596335;0.0;125784852.4596335;0.0;836777438.8;836777438.8;125784852.4596335;710992586.3403665;
88;300208;BNP PARIBAS;-49559.20177257717;-110000.0;60440.79822742283;100000.0;True;False;Aucun appel;-110000.0;0.0;0.0;0.0;0.0;0.0;0.0;0.0;0.0;0.0;0.0;0.0;0.0;0.0;0.0;0.0;0.0;125784852.4596335;0.0;0.0;0.0;836777438.8;836777438.8;0.0;710992586.3403665;
89;300208;CITIBANK EUROPE PUBLIC LIMITED COMPANY;-51581.12455022637;0.0;-51581.12455022637;100000.0;True;False;Aucun appel;0.0;0.0;0.0;0.0;0.0;0.0;0.0;0.0;0.0;0.0;0.0;0.0;0.0;0.0;0.0;0.0;0.0;125784852.4596335;0.0;0.0;0.0;836777438.8;836777438.8;0.0;710992586.3403665;
90;300208;CREDIT AGRICOLE CORPORATE AND INVESTMENT BANK;524828.3834637211;-140000.0;664828.3834637211;100000.0;False;True;Contrepartie poste;524828.3834637211;0.0;0.0;0.0;0.0;0.0;0.0;0.0;0.0;0.0;0.0;0.0;0.0;0.0;0.0;0.0;0.0;125784852.4596335;0.0;0.0;0.0;836777438.8;836777438.8;0.0;710992586.3403665;
91;300208;HSBC CONTINENTAL EUROPE;0.0;0.0;0.0;100000.0;True;False;Aucun appel;0.0;0.0;0.0;0.0;0.0;0.0;0.0;0.0;0.0;0.0;0.0;0.0;0.0;0.0;0.0;0.0;0.0;125784852.4596335;0.0;0.0;0.0;836777438.8;836777438.8;0.0;710992586.3403665;
92;300208;JP MORGAN SE;7155.145598598734;0.0;7155.145598598734;100000.0;True;False;Aucun appel;0.0;0.0;0.0;0.0;0.0;0.0;0.0;0.0;0.0;0.0;0.0;0.0;0.0;0.0;0.0;0.0;0.0;125784852.4596335;0.0;0.0;0.0;836777438.8;836777438.8;0.0;710992586.3403665;
93;300208;NATIXIS;361794.24458386126;-155000.0;516794.24458386126;100000.0;False;True;Contrepartie poste;361794.24458386126;0.0;0.0;0.0;0.0;0.0;0.0;0.0;0.0;0.0;0.0;0.0;0.0;0.0;0.0;0.0;0.0;125784852.4596335;0.0;0.0;0.0;836777438.8;836777438.8;0.0;710992586.3403665;
94;300208;NOMURA FINANCIAL PRODUCTS EUROPE GMBH;-126647.08122949717;-200000.0;73352.91877050283;100000.0;True;False;Aucun appel;-200000.0;0.0;0.0;0.0;0.0;0.0;0.0;0.0;0.0;0.0;0.0;0.0;0.0;0.0;0.0;0.0;0.0;125784852.4596335;0.0;0.0;0.0;836777438.8;836777438.8;0.0;710992586.3403665;
95;300208;SOCIETE GENERALE;-20366.006400428145;-110000.0;89633.99359957186;100000.0;True;False;Aucun appel;-110000.0;0.0;0.0;0.0;0.0;0.0;0.0;0.0;0.0;0.0;0.0;0.0;0.0;0.0;0.0;0.0;0.0;125784852.4596335;0.0;0.0;0.0;836777438.8;836777438.8;0.0;710992586.3403665;
96;300406;BNP PARIBAS;-261677.53024999984;110000.0;-371677.53024999984;100000.0;False;True;Groupama poste;-261677.53024999984;52948416.034480006;20362829.50257;32585586.531910002;0.0;0.0;0.0;1929548.24;0.0;0.0;18061603.73232;0.0;0.0;0.0;0.0;0.0;0.0;0.0;0.0;0.0;0.0;0.0;0.0;0.0;0.0;
97;300406;CREDIT AGRICOLE CORPORATE AND INVESTMENT BANK;0.0;0.0;0.0;100000.0;True;False;Aucun appel;0.0;52948416.034480006;0.0;32585586.531910002;0.0;0.0;0.0;0.0;0.0;0.0;0.0;0.0;0.0;0.0;0.0;0.0;0.0;0.0;0.0;0.0;0.0;0.0;0.0;0.0;0.0;
98;300406;GOLDMAN SACHS BANK EUROPE SE;0.0;0.0;0.0;100000.0;True;False;Aucun appel;0.0;52948416.034480006;0.0;32585586.531910002;0.0;0.0;0.0;0.0;0.0;0.0;0.0;0.0;0.0;0.0;0.0;0.0;0.0;0.0;0.0;0.0;0.0;0.0;0.0;0.0;0.0;
99;300406;GOLDMAN SACHS INTERNATIONAL;0.0;0.0;0.0;100000.0;True;False;Aucun appel;0.0;52948416.034480006;0.0;32585586.531910002;0.0;0.0;0.0;0.0;0.0;0.0;0.0;0.0;0.0;0.0;0.0;0.0;0.0;0.0;0.0;0.0;0.0;0.0;0.0;0.0;0.0;
100;300406;JP MORGAN SE;0.0;0.0;0.0;100000.0;True;False;Aucun appel;0.0;52948416.034480006;0.0;32585586.531910002;0.0;0.0;0.0;0.0;0.0;0.0;0.0;0.0;0.0;0.0;0.0;0.0;0.0;0.0;0.0;0.0;0.0;0.0;0.0;0.0;0.0;
101;300406;MORGAN STANLEY EUROPE SE;0.0;0.0;0.0;100000.0;True;False;Aucun appel;0.0;52948416.034480006;0.0;32585586.531910002;0.0;0.0;0.0;0.0;0.0;0.0;0.0;0.0;0.0;0.0;0.0;0.0;0.0;0.0;0.0;0.0;0.0;0.0;0.0;0.0;0.0;
102;300406;NATIXIS;0.0;0.0;0.0;100000.0;True;False;Aucun appel;0.0;52948416.034480006;0.0;32585586.531910002;0.0;0.0;0.0;0.0;0.0;0.0;0.0;0.0;0.0;0.0;0.0;0.0;0.0;0.0;0.0;0.0;0.0;0.0;0.0;0.0;0.0;
103;300406;ROYAL BANK OF CANADA FX;0.0;0.0;0.0;100000.0;True;False;Aucun appel;0.0;52948416.034480006;0.0;32585586.531910002;0.0;0.0;0.0;0.0;0.0;0.0;0.0;0.0;0.0;0.0;0.0;0.0;0.0;0.0;0.0;0.0;0.0;0.0;0.0;0.0;0.0;
104;300406;ROYAL BANK OF CANADA PARIS BRANCH;0.0;0.0;0.0;100000.0;True;False;Aucun appel;0.0;52948416.034480006;0.0;32585586.531910002;0.0;0.0;0.0;0.0;0.0;0.0;0.0;0.0;0.0;0.0;0.0;0.0;0.0;0.0;0.0;0.0;0.0;0.0;0.0;0.0;0.0;
105;300406;SOCIETE GENERALE;0.0;0.0;0.0;100000.0;True;False;Aucun appel;0.0;52948416.034480006;0.0;32585586.531910002;0.0;0.0;0.0;0.0;0.0;0.0;0.0;0.0;0.0;0.0;0.0;0.0;0.0;0.0;0.0;0.0;0.0;0.0;0.0;0.0;0.0;
106;300406;State Street Bank International GmbH;0.0;0.0;0.0;100000.0;True;False;Aucun appel;0.0;52948416.034480006;0.0;32585586.531910002;0.0;0.0;0.0;0.0;0.0;0.0;0.0;0.0;0.0;0.0;0.0;0.0;0.0;0.0;0.0;0.0;0.0;0.0;0.0;0.0;0.0;
107;300636;BARCLAYS BANK IRELAND PUBLIC LIMITED COMPANY;0.0;0.0;0.0;100000.0;True;False;Aucun appel;0.0;20974446.17838;0.0;20974446.17838;0.0;0.0;0.0;0.0;0.0;0.0;0.0;0.0;0.0;0.0;0.0;0.0;0.0;0.0;0.0;0.0;0.0;339708461.9;339708461.9;0.0;339708461.9;
108;300636;BNP PARIBAS;-35294.96684820416;-110000.0;74705.03315179584;100000.0;True;False;Aucun appel;-110000.0;20974446.17838;0.0;20974446.17838;0.0;0.0;0.0;0.0;0.0;0.0;0.0;0.0;0.0;0.0;0.0;0.0;0.0;0.0;0.0;0.0;0.0;339708461.9;339708461.9;0.0;339708461.9;
109;300636;CITIBANK EUROPE PUBLIC LIMITED COMPANY;-23037.099098824554;0.0;-23037.099098824554;100000.0;True;False;Aucun appel;0.0;20974446.17838;0.0;20974446.17838;0.0;0.0;0.0;0.0;0.0;0.0;0.0;0.0;0.0;0.0;0.0;0.0;0.0;0.0;0.0;0.0;0.0;339708461.9;339708461.9;0.0;339708461.9;
110;300636;CREDIT AGRICOLE CORPORATE AND INVESTMENT BANK;445642.5079704193;0.0;445642.5079704193;100000.0;False;True;Contrepartie poste;445642.5079704193;20974446.17838;0.0;20974446.17838;0.0;0.0;0.0;0.0;0.0;0.0;0.0;0.0;0.0;0.0;0.0;0.0;0.0;0.0;0.0;0.0;0.0;339708461.9;339708461.9;0.0;339708461.9;
111;300636;HSBC CONTINENTAL EUROPE;0.0;0.0;0.0;100000.0;True;False;Aucun appel;0.0;20974446.17838;0.0;20974446.17838;0.0;0.0;0.0;0.0;0.0;0.0;0.0;0.0;0.0;0.0;0.0;0.0;0.0;0.0;0.0;0.0;0.0;339708461.9;339708461.9;0.0;339708461.9;
112;300636;NATIXIS;274260.0799531874;-180000.0;454260.0799531874;100000.0;False;True;Contrepartie poste;274260.0799531874;20974446.17838;0.0;20974446.17838;0.0;0.0;0.0;0.0;0.0;0.0;0.0;0.0;0.0;0.0;0.0;0.0;0.0;0.0;0.0;0.0;0.0;339708461.9;339708461.9;0.0;339708461.9;
113;300636;NOMURA FINANCIAL PRODUCTS EUROPE GMBH;-113891.97219427701;-120000.0;6108.027805722988;100000.0;True;False;Aucun appel;-120000.0;20974446.17838;0.0;20974446.17838;0.0;0.0;0.0;0.0;0.0;0.0;0.0;0.0;0.0;0.0;0.0;0.0;0.0;0.0;0.0;0.0;0.0;339708461.9;339708461.9;0.0;339708461.9;
114;300636;SOCIETE GENERALE;21923.483410300596;0.0;21923.483410300596;100000.0;True;False;Aucun appel;0.0;20974446.17838;0.0;20974446.17838;0.0;0.0;0.0;0.0;0.0;0.0;0.0;0.0;0.0;0.0;0.0;0.0;0.0;0.0;0.0;0.0;0.0;339708461.9;339708461.9;0.0;339708461.9;
115;300644;BARCLAYS BANK IRELAND PUBLIC LIMITED COMPANY;0.0;0.0;0.0;100000.0;True;False;Aucun appel;0.0;0.0;0.0;0.0;0.0;0.0;0.0;0.0;0.0;0.0;0.0;0.0;0.0;0.0;0.0;0.0;0.0;0.0;0.0;0.0;0.0;103065831.9;103065831.9;0.0;103065831.9;
116;300644;BARCLAYS CAPITAL SECURITIES LTD;0.0;0.0;0.0;100000.0;True;False;Aucun appel;0.0;0.0;0.0;0.0;0.0;0.0;0.0;0.0;0.0;0.0;0.0;0.0;0.0;0.0;0.0;0.0;0.0;0.0;0.0;0.0;0.0;103065831.9;103065831.9;0.0;103065831.9;
117;300644;BNP PARIBAS;36685.567983476016;0.0;36685.567983476016;100000.0;True;False;Aucun appel;0.0;0.0;0.0;0.0;0.0;0.0;0.0;0.0;0.0;0.0;0.0;0.0;0.0;0.0;0.0;0.0;0.0;0.0;0.0;0.0;0.0;103065831.9;103065831.9;0.0;103065831.9;
118;300644;CITIBANK EUROPE PUBLIC LIMITED COMPANY;0.0;0.0;0.0;100000.0;True;False;Aucun appel;0.0;0.0;0.0;0.0;0.0;0.0;0.0;0.0;0.0;0.0;0.0;0.0;0.0;0.0;0.0;0.0;0.0;0.0;0.0;0.0;0.0;103065831.9;103065831.9;0.0;103065831.9;
119;300644;CREDIT AGRICOLE CORPORATE AND INVESTMENT BANK;321462.26516727253;0.0;321462.26516727253;100000.0;False;True;Contrepartie poste;321462.26516727253;0.0;0.0;0.0;0.0;0.0;0.0;0.0;0.0;0.0;0.0;0.0;0.0;0.0;0.0;0.0;0.0;0.0;0.0;0.0;0.0;103065831.9;103065831.9;0.0;103065831.9;
120;300644;GOLDMAN SACHS BANK EUROPE SE;0.0;0.0;0.0;100000.0;True;False;Aucun appel;0.0;0.0;0.0;0.0;0.0;0.0;0.0;0.0;0.0;0.0;0.0;0.0;0.0;0.0;0.0;0.0;0.0;0.0;0.0;0.0;0.0;103065831.9;103065831.9;0.0;103065831.9;
121;300644;HSBC CONTINENTAL EUROPE;0.0;0.0;0.0;100000.0;True;False;Aucun appel;0.0;0.0;0.0;0.0;0.0;0.0;0.0;0.0;0.0;0.0;0.0;0.0;0.0;0.0;0.0;0.0;0.0;0.0;0.0;0.0;0.0;103065831.9;103065831.9;0.0;103065831.9;
122;300644;JP MORGAN SE;1298.417709400656;0.0;1298.417709400656;250000.0;True;False;Aucun appel;0.0;0.0;0.0;0.0;0.0;0.0;0.0;0.0;0.0;0.0;0.0;0.0;0.0;0.0;0.0;0.0;0.0;0.0;0.0;0.0;0.0;103065831.9;103065831.9;0.0;103065831.9;
123;300644;NATIXIS;262420.1917265093;-10000.0;272420.1917265093;100000.0;False;True;Contrepartie poste;262420.1917265093;0.0;0.0;0.0;0.0;0.0;0.0;0.0;0.0;0.0;0.0;0.0;0.0;0.0;0.0;0.0;0.0;0.0;0.0;0.0;0.0;103065831.9;103065831.9;0.0;103065831.9;
124;300644;NOMURA FINANCIAL PRODUCTS EUROPE GMBH;-25646.13355334675;-110000.0;84353.86644665325;100000.0;True;False;Aucun appel;-110000.0;0.0;0.0;0.0;0.0;0.0;0.0;0.0;0.0;0.0;0.0;0.0;0.0;0.0;0.0;0.0;0.0;0.0;0.0;0.0;0.0;103065831.9;103065831.9;0.0;103065831.9;
125;300644;SOCIETE GENERALE;-42417.73916379607;-120000.0;77582.26083620393;100000.0;True;False;Aucun appel;-120000.0;0.0;0.0;0.0;0.0;0.0;0.0;0.0;0.0;0.0;0.0;0.0;0.0;0.0;0.0;0.0;0.0;0.0;0.0;0.0;0.0;103065831.9;103065831.9;0.0;103065831.9;
126;300645;BNP PARIBAS;-55873.34451494897;-110000.0;54126.65548505103;100000.0;True;False;Aucun appel;-110000.0;0.0;0.0;0.0;0.0;0.0;0.0;0.0;0.0;0.0;0.0;0.0;0.0;0.0;0.0;0.0;0.0;11718782.581418542;0.0;11718782.581418542;0.0;88199996.88;88199996.88;11718782.581418542;76481214.29858145;
127;300645;CITIBANK EUROPE PUBLIC LIMITED COMPANY;-1723.7800015496573;0.0;-1723.7800015496573;100000.0;True;False;Aucun appel;0.0;0.0;0.0;0.0;0.0;0.0;0.0;0.0;0.0;0.0;0.0;0.0;0.0;0.0;0.0;0.0;0.0;11718782.581418542;0.0;0.0;0.0;88199996.88;88199996.88;0.0;76481214.29858145;
128;300645;CREDIT AGRICOLE CORPORATE AND INVESTMENT BANK;78712.2507934753;0.0;78712.2507934753;100000.0;True;False;Aucun appel;0.0;0.0;0.0;0.0;0.0;0.0;0.0;0.0;0.0;0.0;0.0;0.0;0.0;0.0;0.0;0.0;0.0;11718782.581418542;0.0;0.0;0.0;88199996.88;88199996.88;0.0;76481214.29858145;
129;300645;JP MORGAN SE;24053.230714274672;0.0;24053.230714274672;100000.0;True;False;Aucun appel;0.0;0.0;0.0;0.0;0.0;0.0;0.0;0.0;0.0;0.0;0.0;0.0;0.0;0.0;0.0;0.0;0.0;11718782.581418542;0.0;0.0;0.0;88199996.88;88199996.88;0.0;76481214.29858145;
130;300645;NATIXIS;10558.077745202077;0.0;10558.077745202077;100000.0;True;False;Aucun appel;0.0;0.0;0.0;0.0;0.0;0.0;0.0;0.0;0.0;0.0;0.0;0.0;0.0;0.0;0.0;0.0;0.0;11718782.581418542;0.0;0.0;0.0;88199996.88;88199996.88;0.0;76481214.29858145;
131;300645;NOMURA FINANCIAL PRODUCTS EUROPE GMBH;12928.322897625254;0.0;12928.322897625254;100000.0;True;False;Aucun appel;0.0;0.0;0.0;0.0;0.0;0.0;0.0;0.0;0.0;0.0;0.0;0.0;0.0;0.0;0.0;0.0;0.0;11718782.581418542;0.0;0.0;0.0;88199996.88;88199996.88;0.0;76481214.29858145;
132;300645;SOCIETE GENERALE;-19433.80922419837;0.0;-19433.80922419837;100000.0;True;False;Aucun appel;0.0;0.0;0.0;0.0;0.0;0.0;0.0;0.0;0.0;0.0;0.0;0.0;0.0;0.0;0.0;0.0;0.0;11718782.581418542;0.0;0.0;0.0;88199996.88;88199996.88;0.0;76481214.29858145;
133;300647;BNP PARIBAS;2103432.285621;240000.0;1863432.285621;100000.0;False;True;Contrepartie poste;2103432.285621;43670889.34605;10302.670100000076;43660586.67595;6054562.57188;0.0;6054562.57188;0.0;0.0;0.0;10302.670100000076;0.0;0.0;0.0;0.0;0.0;0.0;0.0;0.0;0.0;0.0;7006490.2;7006490.2;0.0;7006490.2;
134;300647;CITIBANK EUROPE PUBLIC LIMITED COMPANY;0.0;0.0;0.0;100000.0;True;False;Aucun appel;0.0;43670889.34605;0.0;43660586.67595;6054562.57188;0.0;6054562.57188;0.0;0.0;0.0;0.0;0.0;0.0;0.0;0.0;0.0;0.0;0.0;0.0;0.0;0.0;7006490.2;7006490.2;0.0;7006490.2;
135;300647;CREDIT AGRICOLE CORPORATE AND INVESTMENT BANK;0.0;0.0;0.0;100000.0;True;False;Aucun appel;0.0;43670889.34605;0.0;43660586.67595;6054562.57188;0.0;6054562.57188;0.0;0.0;0.0;0.0;0.0;0.0;0.0;0.0;0.0;0.0;0.0;0.0;0.0;0.0;7006490.2;7006490.2;0.0;7006490.2;
136;300647;GOLDMAN SACHS INTERNATIONAL;0.0;0.0;0.0;100000.0;True;False;Aucun appel;0.0;43670889.34605;0.0;43660586.67595;6054562.57188;0.0;6054562.57188;0.0;0.0;0.0;0.0;0.0;0.0;0.0;0.0;0.0;0.0;0.0;0.0;0.0;0.0;7006490.2;7006490.2;0.0;7006490.2;
137;300647;J.P. MORGAN SECURITIES LIMITED;0.0;0.0;0.0;100000.0;True;False;Aucun appel;0.0;43670889.34605;0.0;43660586.67595;6054562.57188;0.0;6054562.57188;0.0;0.0;0.0;0.0;0.0;0.0;0.0;0.0;0.0;0.0;0.0;0.0;0.0;0.0;7006490.2;7006490.2;0.0;7006490.2;
138;300647;JP MORGAN SE;545890.1658424999;-650000.0;1195890.1658425;100000.0;False;True;Contrepartie poste;545890.1658425;43670889.34605;0.0;43660586.67595;6054562.57188;0.0;6054562.57188;0.0;0.0;0.0;0.0;0.0;0.0;0.0;0.0;0.0;0.0;0.0;0.0;0.0;0.0;7006490.2;7006490.2;0.0;7006490.2;
139;300647;MORGAN STANLEY EUROPE SE;62810.52372499999;0.0;62810.52372499999;250000.0;True;False;Aucun appel;0.0;43670889.34605;0.0;43660586.67595;6054562.57188;0.0;6054562.57188;0.0;0.0;0.0;0.0;0.0;0.0;0.0;0.0;0.0;0.0;0.0;0.0;0.0;0.0;7006490.2;7006490.2;0.0;7006490.2;
140;300647;NATIXIS;0.0;0.0;0.0;100000.0;True;False;Aucun appel;0.0;43670889.34605;0.0;43660586.67595;6054562.57188;0.0;6054562.57188;0.0;0.0;0.0;0.0;0.0;0.0;0.0;0.0;0.0;0.0;0.0;0.0;0.0;0.0;7006490.2;7006490.2;0.0;7006490.2;
141;300647;ROYAL BANK OF CANADA PARIS BRANCH;0.0;0.0;0.0;100000.0;True;False;Aucun appel;0.0;43670889.34605;0.0;43660586.67595;6054562.57188;0.0;6054562.57188;0.0;0.0;0.0;0.0;0.0;0.0;0.0;0.0;0.0;0.0;0.0;0.0;0.0;0.0;7006490.2;7006490.2;0.0;7006490.2;
142;300647;SOCIETE GENERALE;0.0;0.0;0.0;100000.0;True;False;Aucun appel;0.0;43670889.34605;0.0;43660586.67595;6054562.57188;0.0;6054562.57188;0.0;0.0;0.0;0.0;0.0;0.0;0.0;0.0;0.0;0.0;0.0;0.0;0.0;0.0;7006490.2;7006490.2;0.0;7006490.2;
143;300661;BNP PARIBAS;0.0;0.0;0.0;100000.0;True;False;Aucun appel;0.0;0.0;0.0;0.0;591572201.48594;0.0;591572201.48594;0.0;0.0;1266292.2576;0.0;0.0;0.0;0.0;0.0;0.0;0.0;9698.499826720295;0.0;9698.499826720295;0.0;1894552.8276;1894552.8276;9698.499826720295;1884854.3277732797;
144;300661;CITIBANK EUROPE PUBLIC LIMITED COMPANY;0.0;0.0;0.0;100000.0;True;False;Aucun appel;0.0;0.0;0.0;0.0;591572201.48594;0.0;591572201.48594;0.0;0.0;0.0;0.0;0.0;0.0;0.0;0.0;0.0;0.0;9698.499826720295;0.0;0.0;0.0;1894552.8276;1894552.8276;0.0;1884854.3277732797;
145;300661;CREDIT AGRICOLE CORPORATE AND INVESTMENT BANK;0.0;0.0;0.0;100000.0;True;False;Aucun appel;0.0;0.0;0.0;0.0;591572201.48594;0.0;591572201.48594;0.0;0.0;0.0;0.0;0.0;0.0;0.0;0.0;0.0;0.0;9698.499826720295;0.0;0.0;0.0;1894552.8276;1894552.8276;0.0;1884854.3277732797;
146;300661;Citigroup Global Markets Europe AG;0.0;0.0;0.0;100000.0;True;False;Aucun appel;0.0;0.0;0.0;0.0;591572201.48594;0.0;591572201.48594;0.0;0.0;0.0;0.0;0.0;0.0;0.0;0.0;0.0;0.0;9698.499826720295;0.0;0.0;0.0;1894552.8276;1894552.8276;0.0;1884854.3277732797;
147;300661;GOLDMAN SACHS BANK EUROPE SE;0.0;0.0;0.0;100000.0;True;False;Aucun appel;0.0;0.0;0.0;0.0;591572201.48594;0.0;591572201.48594;0.0;0.0;0.0;0.0;0.0;0.0;0.0;0.0;0.0;0.0;9698.499826720295;0.0;0.0;0.0;1894552.8276;1894552.8276;0.0;1884854.3277732797;
148;300661;GOLDMAN SACHS INTERNATIONAL;0.0;0.0;0.0;100000.0;True;False;Aucun appel;0.0;0.0;0.0;0.0;591572201.48594;0.0;591572201.48594;0.0;0.0;0.0;0.0;0.0;0.0;0.0;0.0;0.0;0.0;9698.499826720295;0.0;0.0;0.0;1894552.8276;1894552.8276;0.0;1884854.3277732797;
149;300661;JP MORGAN SE;0.0;0.0;0.0;100000.0;True;False;Aucun appel;0.0;0.0;0.0;0.0;591572201.48594;0.0;591572201.48594;0.0;0.0;0.0;0.0;0.0;0.0;0.0;0.0;0.0;0.0;9698.499826720295;0.0;0.0;0.0;1894552.8276;1894552.8276;0.0;1884854.3277732797;
150;300661;MORGAN STANLEY EUROPE SE;0.0;0.0;0.0;250000.0;True;False;Aucun appel;0.0;0.0;0.0;0.0;591572201.48594;0.0;591572201.48594;0.0;0.0;0.0;0.0;0.0;0.0;0.0;0.0;0.0;0.0;9698.499826720295;0.0;0.0;0.0;1894552.8276;1894552.8276;0.0;1884854.3277732797;
151;300661;NATIXIS;0.0;0.0;0.0;100000.0;True;False;Aucun appel;0.0;0.0;0.0;0.0;591572201.48594;0.0;591572201.48594;0.0;0.0;0.0;0.0;0.0;0.0;0.0;0.0;0.0;0.0;9698.499826720295;0.0;0.0;0.0;1894552.8276;1894552.8276;0.0;1884854.3277732797;
152;300661;NOMURA FINANCIAL PRODUCTS EUROPE GMBH;0.0;0.0;0.0;100000.0;True;False;Aucun appel;0.0;0.0;0.0;0.0;591572201.48594;0.0;591572201.48594;0.0;0.0;0.0;0.0;0.0;0.0;0.0;0.0;0.0;0.0;9698.499826720295;0.0;0.0;0.0;1894552.8276;1894552.8276;0.0;1884854.3277732797;
153;300661;SOCIETE GENERALE;0.0;0.0;0.0;100000.0;True;False;Aucun appel;0.0;0.0;0.0;0.0;591572201.48594;0.0;591572201.48594;0.0;0.0;0.0;0.0;0.0;0.0;0.0;0.0;0.0;0.0;9698.499826720295;0.0;0.0;0.0;1894552.8276;1894552.8276;0.0;1884854.3277732797;
154;309101;CITIBANK EUROPE PUBLIC LIMITED COMPANY;0.0;0.0;0.0;100000.0;True;False;Aucun appel;0.0;15969308.696010001;15969308.696010001;0.0;0.0;0.0;0.0;0.0;0.0;0.0;0.0;0.0;0.0;0.0;0.0;0.0;0.0;17368913.670182306;15969308.696010001;1399604.9741723053;0.0;2822226.51;2822226.51;1399604.9741723053;1422621.5358276945;
155;309101;CREDIT AGRICOLE CORPORATE AND INVESTMENT BANK;0.0;0.0;0.0;100000.0;True;False;Aucun appel;0.0;15969308.696010001;0.0;0.0;0.0;0.0;0.0;0.0;0.0;0.0;0.0;0.0;0.0;0.0;0.0;0.0;0.0;17368913.670182306;0.0;0.0;0.0;2822226.51;2822226.51;0.0;1422621.5358276945;
156;309101;GOLDMAN SACHS BANK EUROPE SE;0.0;0.0;0.0;100000.0;True;False;Aucun appel;0.0;15969308.696010001;0.0;0.0;0.0;0.0;0.0;0.0;0.0;0.0;0.0;0.0;0.0;0.0;0.0;0.0;0.0;17368913.670182306;0.0;0.0;0.0;2822226.51;2822226.51;0.0;1422621.5358276945;
157;309101;ROYAL BANK OF CANADA PARIS BRANCH;0.0;0.0;0.0;100000.0;True;False;Aucun appel;0.0;15969308.696010001;0.0;0.0;0.0;0.0;0.0;0.0;0.0;0.0;0.0;0.0;0.0;0.0;0.0;0.0;0.0;17368913.670182306;0.0;0.0;0.0;2822226.51;2822226.51;0.0;1422621.5358276945;
158;309101;SOCIETE GENERALE;0.0;0.0;0.0;100000.0;True;False;Aucun appel;0.0;15969308.696010001;0.0;0.0;0.0;0.0;0.0;0.0;0.0;0.0;0.0;0.0;0.0;0.0;0.0;0.0;0.0;17368913.670182306;0.0;0.0;0.0;2822226.51;2822226.51;0.0;1422621.5358276945;
159;309101;State Street Bank International GmbH;0.0;0.0;0.0;100000.0;True;False;Aucun appel;0.0;15969308.696010001;0.0;0.0;0.0;0.0;0.0;0.0;0.0;0.0;0.0;0.0;0.0;0.0;0.0;0.0;0.0;17368913.670182306;0.0;0.0;0.0;2822226.51;2822226.51;0.0;1422621.5358276945;
160;389037;BNP PARIBAS;8550.09869797242;-130000.0;138550.09869797243;100000.0;False;True;Contrepartie poste;8550.098697972426;108005612.0701041;0.0;108005612.0701041;6130858.61482475;0.0;6130858.61482475;0.0;0.0;0.0;0.0;0.0;0.0;0.0;0.0;0.0;0.0;0.0;0.0;0.0;0.0;117218050.0;117218050.0;0.0;117218050.0;
161;389037;CITIBANK EUROPE PUBLIC LIMITED COMPANY;-195551.5949275999;-240000.0;44448.40507240011;100000.0;True;False;Aucun appel;-240000.0;108005612.0701041;0.0;108005612.0701041;6130858.61482475;0.0;6130858.61482475;0.0;0.0;0.0;0.0;0.0;0.0;0.0;0.0;0.0;0.0;0.0;0.0;0.0;0.0;117218050.0;117218050.0;0.0;117218050.0;
162;389037;CREDIT AGRICOLE CORPORATE AND INVESTMENT BANK;128677.6621792505;0.0;128677.6621792505;100000.0;False;True;Contrepartie poste;128677.6621792505;108005612.0701041;0.0;108005612.0701041;6130858.61482475;0.0;6130858.61482475;0.0;0.0;0.0;0.0;0.0;0.0;0.0;0.0;0.0;0.0;0.0;0.0;0.0;0.0;117218050.0;117218050.0;0.0;117218050.0;
163;389037;Citigroup Global Markets Europe AG;0.0;0.0;0.0;100000.0;True;False;Aucun appel;0.0;108005612.0701041;0.0;108005612.0701041;6130858.61482475;0.0;6130858.61482475;0.0;0.0;0.0;0.0;0.0;0.0;0.0;0.0;0.0;0.0;0.0;0.0;0.0;0.0;117218050.0;117218050.0;0.0;117218050.0;
164;389037;JP MORGAN SE;-28779.581410347462;0.0;-28779.581410347462;100000.0;True;False;Aucun appel;0.0;108005612.0701041;0.0;108005612.0701041;6130858.61482475;0.0;6130858.61482475;0.0;0.0;0.0;0.0;0.0;0.0;0.0;0.0;0.0;0.0;0.0;0.0;0.0;0.0;117218050.0;117218050.0;0.0;117218050.0;
165;389037;NATIXIS;30702.11985674941;-200000.0;230702.1198567494;100000.0;False;True;Contrepartie poste;30702.1198567494;108005612.0701041;0.0;108005612.0701041;6130858.61482475;0.0;6130858.61482475;0.0;0.0;0.0;0.0;0.0;0.0;0.0;0.0;0.0;0.0;0.0;0.0;0.0;0.0;117218050.0;117218050.0;0.0;117218050.0;
166;389037;NOMURA FINANCIAL PRODUCTS EUROPE GMBH;-53856.85572802571;-110000.0;56143.14427197429;100000.0;True;False;Aucun appel;-110000.0;108005612.0701041;0.0;108005612.0701041;6130858.61482475;0.0;6130858.61482475;0.0;0.0;0.0;0.0;0.0;0.0;0.0;0.0;0.0;0.0;0.0;0.0;0.0;0.0;117218050.0;117218050.0;0.0;117218050.0;
167;389037;SOCIETE GENERALE;-85253.62888479712;-110000.0;24746.371115202885;100000.0;True;False;Aucun appel;-110000.0;108005612.0701041;0.0;108005612.0701041;6130858.61482475;0.0;6130858.61482475;0.0;0.0;0.0;0.0;0.0;0.0;0.0;0.0;0.0;0.0;0.0;0.0;0.0;0.0;117218050.0;117218050.0;0.0;117218050.0;
168;389038;BNP PARIBAS;2841577.3249200145;2790000.0;51577.32492001448;100000.0;True;False;Aucun appel;2790000.0;65935159.2396;65935159.2396;0.0;0.0;0.0;0.0;59169583.03;0.0;4050165.3559999997;0.0;0.0;0.0;228983.95304;0.0;0.0;0.0;48545061.081031196;6765576.209600002;4279149.30904;0.0;4279149.30904;4279149.30904;4279149.30904;0.0;cash insuffisant (liability : 37 500 335.56)
169;389038;CREDIT AGRICOLE CORPORATE AND INVESTMENT BANK;0.0;0.0;0.0;100000.0;True;False;Aucun appel;0.0;65935159.2396;0.0;0.0;0.0;0.0;0.0;0.0;0.0;0.0;0.0;0.0;0.0;0.0;0.0;0.0;0.0;48545061.081031196;0.0;0.0;0.0;4279149.30904;4279149.30904;0.0;0.0;
170;389038;CREDIT SUISSE SECURITIES SOCIEDAD DE VALORES S.A.;0.0;0.0;0.0;100000.0;True;False;Aucun appel;0.0;65935159.2396;0.0;0.0;0.0;0.0;0.0;0.0;0.0;0.0;0.0;0.0;0.0;0.0;0.0;0.0;0.0;48545061.081031196;0.0;0.0;0.0;4279149.30904;4279149.30904;0.0;0.0;
171;389038;JP MORGAN SE;1775.8693276999088;0.0;1775.8693276999088;100000.0;True;False;Aucun appel;0.0;65935159.2396;0.0;0.0;0.0;0.0;0.0;0.0;0.0;0.0;0.0;0.0;0.0;0.0;0.0;0.0;0.0;48545061.081031196;0.0;0.0;0.0;4279149.30904;4279149.30904;0.0;0.0;
172;389038;MORGAN STANLEY EUROPE SE;0.0;0.0;0.0;100000.0;True;False;Aucun appel;0.0;65935159.2396;0.0;0.0;0.0;0.0;0.0;0.0;0.0;0.0;0.0;0.0;0.0;0.0;0.0;0.0;0.0;48545061.081031196;0.0;0.0;0.0;4279149.30904;4279149.30904;0.0;0.0;
173;389038;NATIXIS;290617.1983180556;0.0;290617.1983180556;100000.0;False;True;Contrepartie poste;290617.1983180556;65935159.2396;0.0;0.0;0.0;0.0;0.0;0.0;0.0;0.0;0.0;0.0;0.0;0.0;0.0;0.0;0.0;48545061.081031196;0.0;0.0;0.0;4279149.30904;4279149.30904;0.0;0.0;
174;389038;NOMURA FINANCIAL PRODUCTS EUROPE GMBH;-251808.53881909954;-320000.0;68191.46118090046;100000.0;True;False;Aucun appel;-320000.0;65935159.2396;0.0;0.0;0.0;0.0;0.0;0.0;0.0;0.0;0.0;0.0;0.0;0.0;0.0;0.0;0.0;48545061.081031196;0.0;0.0;0.0;4279149.30904;4279149.30904;0.0;0.0;
175;389038;ROYAL BANK OF CANADA PARIS BRANCH;0.0;0.0;0.0;100000.0;True;False;Aucun appel;0.0;65935159.2396;0.0;0.0;0.0;0.0;0.0;0.0;0.0;0.0;0.0;0.0;0.0;0.0;0.0;0.0;0.0;48545061.081031196;0.0;0.0;0.0;4279149.30904;4279149.30904;0.0;0.0;
176;389038;SOCIETE GENERALE;-52297.072984320956;-180000.0;127702.92701567904;100000.0;False;True;Contrepartie poste;-52297.072984320956;65935159.2396;0.0;0.0;0.0;0.0;0.0;0.0;0.0;0.0;0.0;0.0;0.0;0.0;0.0;0.0;0.0;48545061.081031196;0.0;0.0;0.0;4279149.30904;4279149.30904;0.0;0.0;
177;389038;State Street Bank International GmbH;0.0;0.0;0.0;100000.0;True;False;Aucun appel;0.0;65935159.2396;0.0;0.0;0.0;0.0;0.0;0.0;0.0;0.0;0.0;0.0;0.0;0.0;0.0;0.0;0.0;48545061.081031196;0.0;0.0;0.0;4279149.30904;4279149.30904;0.0;0.0;
178;389059;BNP PARIBAS;0.0;0.0;0.0;100000.0;True;False;Aucun appel;0.0;0.0;0.0;0.0;0.0;0.0;0.0;0.0;0.0;0.0;0.0;0.0;0.0;0.0;0.0;0.0;0.0;0.0;0.0;0.0;0.0;4232445.88;4232445.88;0.0;4232445.88;
179;389059;CREDIT AGRICOLE CORPORATE AND INVESTMENT BANK;0.0;0.0;0.0;100000.0;True;False;Aucun appel;0.0;0.0;0.0;0.0;0.0;0.0;0.0;0.0;0.0;0.0;0.0;0.0;0.0;0.0;0.0;0.0;0.0;0.0;0.0;0.0;0.0;4232445.88;4232445.88;0.0;4232445.88;
180;389059;JP MORGAN SE;0.0;0.0;0.0;100000.0;True;False;Aucun appel;0.0;0.0;0.0;0.0;0.0;0.0;0.0;0.0;0.0;0.0;0.0;0.0;0.0;0.0;0.0;0.0;0.0;0.0;0.0;0.0;0.0;4232445.88;4232445.88;0.0;4232445.88;
181;389059;NATIXIS;0.0;0.0;0.0;100000.0;True;False;Aucun appel;0.0;0.0;0.0;0.0;0.0;0.0;0.0;0.0;0.0;0.0;0.0;0.0;0.0;0.0;0.0;0.0;0.0;0.0;0.0;0.0;0.0;4232445.88;4232445.88;0.0;4232445.88;
182;389059;ROYAL BANK OF CANADA FX;0.0;0.0;0.0;100000.0;True;False;Aucun appel;0.0;0.0;0.0;0.0;0.0;0.0;0.0;0.0;0.0;0.0;0.0;0.0;0.0;0.0;0.0;0.0;0.0;0.0;0.0;0.0;0.0;4232445.88;4232445.88;0.0;4232445.88;
183;389059;ROYAL BANK OF CANADA PARIS BRANCH;0.0;0.0;0.0;100000.0;True;False;Aucun appel;0.0;0.0;0.0;0.0;0.0;0.0;0.0;0.0;0.0;0.0;0.0;0.0;0.0;0.0;0.0;0.0;0.0;0.0;0.0;0.0;0.0;4232445.88;4232445.88;0.0;4232445.88;
184;389059;SOCIETE GENERALE;0.0;0.0;0.0;100000.0;True;False;Aucun appel;0.0;0.0;0.0;0.0;0.0;0.0;0.0;0.0;0.0;0.0;0.0;0.0;0.0;0.0;0.0;0.0;0.0;0.0;0.0;0.0;0.0;4232445.88;4232445.88;0.0;4232445.88;
185;389088;BNP PARIBAS;-6788.514625000127;0.0;-6788.514625000127;100000.0;True;False;Aucun appel;0.0;0.0;0.0;0.0;428624716.14866;0.0;428624716.14866;0.0;0.0;3559186.697875;0.0;0.0;0.0;0.0;0.0;0.0;0.0;0.0;0.0;0.0;0.0;8114832.087874999;8114832.087874999;0.0;7533528.396725774;
186;389088;DEUTSCHE BANK AKTIENGESELLSCHAFT;0.0;-2590000.0;2590000.0;100000.0;False;True;Contrepartie poste;0.0;0.0;0.0;0.0;428624716.14866;0.0;428624716.14866;0.0;0.0;0.0;0.0;0.0;0.0;0.0;0.0;0.0;0.0;0.0;0.0;0.0;0.0;8114832.087874999;8114832.087874999;0.0;7533528.396725774;
187;389088;GOLDMAN SACHS BANK EUROPE SE;-861303.691149225;-280000.0;-581303.691149225;100000.0;False;True;Groupama poste;-861303.691149225;0.0;0.0;0.0;428624716.14866;0.0;428624716.14866;0.0;0.0;0.0;0.0;0.0;0.0;0.0;0.0;0.0;0.0;0.0;0.0;0.0;0.0;8114832.087874999;8114832.087874999;581303.691149225;7533528.396725774;
188;389088;GOLDMAN SACHS INTERNATIONAL;0.0;0.0;0.0;100000.0;True;False;Aucun appel;0.0;0.0;0.0;0.0;428624716.14866;0.0;428624716.14866;0.0;0.0;0.0;0.0;0.0;0.0;0.0;0.0;0.0;0.0;0.0;0.0;0.0;0.0;8114832.087874999;8114832.087874999;0.0;7533528.396725774;
189;389088;JP MORGAN SE;593223.6116500001;-25000.0;618223.6116500001;100000.0;False;True;Contrepartie poste;593223.6116500001;0.0;0.0;0.0;428624716.14866;0.0;428624716.14866;0.0;0.0;0.0;0.0;0.0;0.0;0.0;0.0;0.0;0.0;0.0;0.0;0.0;0.0;8114832.087874999;8114832.087874999;0.0;7533528.396725774;
190;389088;MORGAN STANLEY EUROPE SE;1823479.7607535;350000.0;1473479.7607535;100000.0;False;True;Contrepartie poste;1823479.7607535;0.0;0.0;0.0;428624716.14866;0.0;428624716.14866;0.0;0.0;0.0;0.0;0.0;0.0;0.0;0.0;0.0;0.0;0.0;0.0;0.0;0.0;8114832.087874999;8114832.087874999;0.0;7533528.396725774;
191;400805;CITIBANK EUROPE PUBLIC LIMITED COMPANY;0.0;0.0;0.0;100000.0;True;False;Aucun appel;0.0;291813.26672789996;0.0;291813.26672789996;0.0;0.0;0.0;0.0;0.0;0.0;0.0;0.0;0.0;0.0;0.0;0.0;0.0;0.0;0.0;0.0;0.0;174259.89;174259.89;0.0;174259.89;
192;400805;State Street Bank International GmbH;0.0;0.0;0.0;100000.0;True;False;Aucun appel;0.0;291813.26672789996;0.0;291813.26672789996;0.0;0.0;0.0;0.0;0.0;0.0;0.0;0.0;0.0;0.0;0.0;0.0;0.0;0.0;0.0;0.0;0.0;174259.89;174259.89;0.0;174259.89;
193;900200;BNP PARIBAS;1868077.125901451;-1850000.0;3718077.1259014513;100000.0;False;True;Contrepartie poste;1868077.1259014513;49424365.894099995;10750153.732681591;15041028.318769168;7286227.3328;0.0;7286227.3328;0.0;0.0;1763054.87638;0.0;0.0;0.0;0.0;0.0;0.0;0.0;10750153.732681591;10750153.732681591;0.0;0.0;20066629.50638;20066629.50638;0.0;20066629.50638;
194;900200;CITIBANK EUROPE PUBLIC LIMITED COMPANY;30188.35314500006;800000.0;-769811.6468549999;100000.0;False;True;Groupama poste;30188.35314500006;49424365.894099995;769811.6468549999;15041028.318769168;7286227.3328;0.0;7286227.3328;0.0;0.0;0.0;0.0;0.0;0.0;0.0;0.0;0.0;0.0;10750153.732681591;0.0;0.0;0.0;20066629.50638;20066629.50638;0.0;20066629.50638;
195;900200;CITIGROUP GLOBAL MARKETS LIMITED;0.0;0.0;0.0;100000.0;True;False;Aucun appel;0.0;49424365.894099995;0.0;15041028.318769168;7286227.3328;0.0;7286227.3328;0.0;0.0;0.0;0.0;0.0;0.0;0.0;0.0;0.0;0.0;10750153.732681591;0.0;0.0;0.0;20066629.50638;20066629.50638;0.0;20066629.50638;
196;900200;CREDIT AGRICOLE CORPORATE AND INVESTMENT BANK;2230.131283900293;-185000.0;187230.1312839003;100000.0;False;True;Contrepartie poste;2230.131283900293;49424365.894099995;0.0;15041028.318769168;7286227.3328;0.0;7286227.3328;0.0;0.0;0.0;0.0;0.0;0.0;0.0;0.0;0.0;0.0;10750153.732681591;0.0;0.0;0.0;20066629.50638;20066629.50638;0.0;20066629.50638;
197;900200;CREDIT SUISSE INTERNATIONAL FX;0.0;0.0;0.0;100000.0;True;False;Aucun appel;0.0;49424365.894099995;0.0;15041028.318769168;7286227.3328;0.0;7286227.3328;0.0;0.0;0.0;0.0;0.0;0.0;0.0;0.0;0.0;0.0;10750153.732681591;0.0;0.0;0.0;20066629.50638;20066629.50638;0.0;20066629.50638;
198;900200;CREDIT SUISSE SECURITIES SOCIEDAD DE VALORES S.A.;0.0;0.0;0.0;100000.0;True;False;Aucun appel;0.0;49424365.894099995;0.0;15041028.318769168;7286227.3328;0.0;7286227.3328;0.0;0.0;0.0;0.0;0.0;0.0;0.0;0.0;0.0;0.0;10750153.732681591;0.0;0.0;0.0;20066629.50638;20066629.50638;0.0;20066629.50638;
199;900200;Citigroup Global Markets Europe AG;0.0;0.0;0.0;100000.0;True;False;Aucun appel;0.0;49424365.894099995;0.0;15041028.318769168;7286227.3328;0.0;7286227.3328;0.0;0.0;0.0;0.0;0.0;0.0;0.0;0.0;0.0;0.0;10750153.732681591;0.0;0.0;0.0;20066629.50638;20066629.50638;0.0;20066629.50638;
200;900200;DEUTSCHE BANK AKTIENGESELLSCHAFT;262927.28015425;880000.0;-617072.71984575;100000.0;False;True;Groupama poste;262927.28015425;49424365.894099995;617072.71984575;15041028.318769168;7286227.3328;0.0;7286227.3328;0.0;0.0;0.0;0.0;0.0;0.0;0.0;0.0;0.0;0.0;10750153.732681591;0.0;0.0;0.0;20066629.50638;20066629.50638;0.0;20066629.50638;
201;900200;GOLDMAN SACHS BANK EUROPE SE;263992.654933;-570000.0;833992.654933;100000.0;False;True;Contrepartie poste;263992.654933;49424365.894099995;0.0;15041028.318769168;7286227.3328;0.0;7286227.3328;0.0;0.0;0.0;0.0;0.0;0.0;0.0;0.0;0.0;0.0;10750153.732681591;0.0;0.0;0.0;20066629.50638;20066629.50638;0.0;20066629.50638;
202;900200;GOLDMAN SACHS INTERNATIONAL;0.0;-1345000.0;1345000.0;100000.0;False;True;Contrepartie poste;0.0;49424365.894099995;0.0;15041028.318769168;7286227.3328;0.0;7286227.3328;0.0;0.0;0.0;0.0;0.0;0.0;0.0;0.0;0.0;0.0;10750153.732681591;0.0;0.0;0.0;20066629.50638;20066629.50638;0.0;20066629.50638;
203;900200;GOLDMAN SACHS INTERNATIONAL  PARIS BRANCH;-262844.82435;0.0;-262844.82435;0.0;False;True;Groupama poste;-262844.82435;49424365.894099995;262844.82435;15041028.318769168;7286227.3328;0.0;7286227.3328;0.0;0.0;0.0;0.0;0.0;0.0;0.0;0.0;0.0;0.0;10750153.732681591;0.0;0.0;0.0;20066629.50638;20066629.50638;0.0;20066629.50638;
204;900200;J.P. MORGAN SECURITIES LIMITED;0.0;0.0;0.0;100000.0;True;False;Aucun appel;0.0;49424365.894099995;0.0;15041028.318769168;7286227.3328;0.0;7286227.3328;0.0;0.0;0.0;0.0;0.0;0.0;0.0;0.0;0.0;0.0;10750153.732681591;0.0;0.0;0.0;20066629.50638;20066629.50638;0.0;20066629.50638;
205;900200;JP MORGAN SE;1921051.9384313007;975000.0;946051.9384313007;250000.0;False;True;Contrepartie poste;1921051.9384313007;49424365.894099995;0.0;15041028.318769168;7286227.3328;0.0;7286227.3328;0.0;0.0;0.0;0.0;0.0;0.0;0.0;0.0;0.0;0.0;10750153.732681591;0.0;0.0;0.0;20066629.50638;20066629.50638;0.0;20066629.50638;
206;900200;MORGAN STANLEY AND CO. INTERNATIONAL PLC;0.0;0.0;0.0;100000.0;True;False;Aucun appel;0.0;49424365.894099995;0.0;15041028.318769168;7286227.3328;0.0;7286227.3328;0.0;0.0;0.0;0.0;0.0;0.0;0.0;0.0;0.0;0.0;10750153.732681591;0.0;0.0;0.0;20066629.50638;20066629.50638;0.0;20066629.50638;
207;900200;MORGAN STANLEY EUROPE SE;427561.9905159999;130000.0;297561.9905159999;100000.0;False;True;Contrepartie poste;427561.9905159999;49424365.894099995;0.0;15041028.318769168;7286227.3328;0.0;7286227.3328;0.0;0.0;0.0;0.0;0.0;0.0;0.0;0.0;0.0;0.0;10750153.732681591;0.0;0.0;0.0;20066629.50638;20066629.50638;0.0;20066629.50638;
208;900200;NATIXIS;0.0;0.0;0.0;100000.0;True;False;Aucun appel;0.0;49424365.894099995;0.0;15041028.318769168;7286227.3328;0.0;7286227.3328;0.0;0.0;0.0;0.0;0.0;0.0;0.0;0.0;0.0;0.0;10750153.732681591;0.0;0.0;0.0;20066629.50638;20066629.50638;0.0;20066629.50638;
209;900200;NOMURA FINANCIAL PRODUCTS EUROPE GMBH;0.0;0.0;0.0;100000.0;True;False;Aucun appel;0.0;49424365.894099995;0.0;15041028.318769168;7286227.3328;0.0;7286227.3328;0.0;0.0;0.0;0.0;0.0;0.0;0.0;0.0;0.0;0.0;10750153.732681591;0.0;0.0;0.0;20066629.50638;20066629.50638;0.0;20066629.50638;
210;900200;SOCIETE GENERALE;-164296.28640874996;-250000.0;85703.71359125004;100000.0;True;False;Aucun appel;-250000.0;49424365.894099995;0.0;15041028.318769168;7286227.3328;0.0;7286227.3328;0.0;0.0;0.0;0.0;0.0;0.0;0.0;0.0;0.0;0.0;10750153.732681591;0.0;0.0;0.0;20066629.50638;20066629.50638;0.0;20066629.50638;
211;981001;BNP PARIBAS;0.0;0.0;0.0;100000.0;True;False;Aucun appel;0.0;5576620.459337999;0.0;5576620.459337999;0.0;0.0;0.0;0.0;0.0;0.0;0.0;0.0;0.0;0.0;0.0;0.0;0.0;0.0;0.0;0.0;0.0;4249785.53;4249785.53;0.0;4249785.53;
212;981001;CITIBANK EUROPE PUBLIC LIMITED COMPANY;0.0;0.0;0.0;100000.0;True;False;Aucun appel;0.0;5576620.459337999;0.0;5576620.459337999;0.0;0.0;0.0;0.0;0.0;0.0;0.0;0.0;0.0;0.0;0.0;0.0;0.0;0.0;0.0;0.0;0.0;4249785.53;4249785.53;0.0;4249785.53;
213;981001;CREDIT AGRICOLE CORPORATE AND INVESTMENT BANK;0.0;0.0;0.0;100000.0;True;False;Aucun appel;0.0;5576620.459337999;0.0;5576620.459337999;0.0;0.0;0.0;0.0;0.0;0.0;0.0;0.0;0.0;0.0;0.0;0.0;0.0;0.0;0.0;0.0;0.0;4249785.53;4249785.53;0.0;4249785.53;
214;981001;GOLDMAN SACHS BANK EUROPE SE;0.0;0.0;0.0;100000.0;True;False;Aucun appel;0.0;5576620.459337999;0.0;5576620.459337999;0.0;0.0;0.0;0.0;0.0;0.0;0.0;0.0;0.0;0.0;0.0;0.0;0.0;0.0;0.0;0.0;0.0;4249785.53;4249785.53;0.0;4249785.53;
215;981001;GOLDMAN SACHS INTERNATIONAL;0.0;0.0;0.0;100000.0;True;False;Aucun appel;0.0;5576620.459337999;0.0;5576620.459337999;0.0;0.0;0.0;0.0;0.0;0.0;0.0;0.0;0.0;0.0;0.0;0.0;0.0;0.0;0.0;0.0;0.0;4249785.53;4249785.53;0.0;4249785.53;
216;981001;HSBC CONTINENTAL EUROPE;0.0;0.0;0.0;100000.0;True;False;Aucun appel;0.0;5576620.459337999;0.0;5576620.459337999;0.0;0.0;0.0;0.0;0.0;0.0;0.0;0.0;0.0;0.0;0.0;0.0;0.0;0.0;0.0;0.0;0.0;4249785.53;4249785.53;0.0;4249785.53;
217;981001;J.P. MORGAN SECURITIES LIMITED;0.0;0.0;0.0;100000.0;True;False;Aucun appel;0.0;5576620.459337999;0.0;5576620.459337999;0.0;0.0;0.0;0.0;0.0;0.0;0.0;0.0;0.0;0.0;0.0;0.0;0.0;0.0;0.0;0.0;0.0;4249785.53;4249785.53;0.0;4249785.53;
218;981001;JP MORGAN SE;0.0;0.0;0.0;250000.0;True;False;Aucun appel;0.0;5576620.459337999;0.0;5576620.459337999;0.0;0.0;0.0;0.0;0.0;0.0;0.0;0.0;0.0;0.0;0.0;0.0;0.0;0.0;0.0;0.0;0.0;4249785.53;4249785.53;0.0;4249785.53;
219;981001;MORGAN STANLEY EUROPE SE;0.0;0.0;0.0;100000.0;True;False;Aucun appel;0.0;5576620.459337999;0.0;5576620.459337999;0.0;0.0;0.0;0.0;0.0;0.0;0.0;0.0;0.0;0.0;0.0;0.0;0.0;0.0;0.0;0.0;0.0;4249785.53;4249785.53;0.0;4249785.53;
220;981001;NATIXIS;0.0;0.0;0.0;100000.0;True;False;Aucun appel;0.0;5576620.459337999;0.0;5576620.459337999;0.0;0.0;0.0;0.0;0.0;0.0;0.0;0.0;0.0;0.0;0.0;0.0;0.0;0.0;0.0;0.0;0.0;4249785.53;4249785.53;0.0;4249785.53;
221;981001;SOCIETE GENERALE;0.0;0.0;0.0;100000.0;True;False;Aucun appel;0.0;5576620.459337999;0.0;5576620.459337999;0.0;0.0;0.0;0.0;0.0;0.0;0.0;0.0;0.0;0.0;0.0;0.0;0.0;0.0;0.0;0.0;0.0;4249785.53;4249785.53;0.0;4249785.53;
222;981001;State Street Bank International GmbH;0.0;0.0;0.0;100000.0;True;False;Aucun appel;0.0;5576620.459337999;0.0;5576620.459337999;0.0;0.0;0.0;0.0;0.0;0.0;0.0;0.0;0.0;0.0;0.0;0.0;0.0;0.0;0.0;0.0;0.0;4249785.53;4249785.53;0.0;4249785.53;
223;981007;BNP PARIBAS;18020.416632500055;0.0;18020.416632500055;100000.0;True;False;Aucun appel;0.0;0.0;0.0;0.0;344246066.91685504;0.0;344246066.91685504;0.0;0.0;3080730.44345;0.0;0.0;0.0;630029.8376000001;0.0;0.0;0.0;0.0;0.0;0.0;0.0;16005986.61105;16005986.61105;0.0;16005986.61105;
224;981007;CITIBANK EUROPE PUBLIC LIMITED COMPANY;36243.66466265;0.0;36243.66466265;100000.0;True;False;Aucun appel;0.0;0.0;0.0;0.0;344246066.91685504;0.0;344246066.91685504;0.0;0.0;0.0;0.0;0.0;0.0;0.0;0.0;0.0;0.0;0.0;0.0;0.0;0.0;16005986.61105;16005986.61105;0.0;16005986.61105;
225;981007;CREDIT AGRICOLE CORPORATE AND INVESTMENT BANK;0.0;0.0;0.0;100000.0;True;False;Aucun appel;0.0;0.0;0.0;0.0;344246066.91685504;0.0;344246066.91685504;0.0;0.0;0.0;0.0;0.0;0.0;0.0;0.0;0.0;0.0;0.0;0.0;0.0;0.0;16005986.61105;16005986.61105;0.0;16005986.61105;
226;981007;CREDIT SUISSE INTERNATIONAL FX;0.0;0.0;0.0;100000.0;True;False;Aucun appel;0.0;0.0;0.0;0.0;344246066.91685504;0.0;344246066.91685504;0.0;0.0;0.0;0.0;0.0;0.0;0.0;0.0;0.0;0.0;0.0;0.0;0.0;0.0;16005986.61105;16005986.61105;0.0;16005986.61105;
227;981007;CREDIT SUISSE SECURITIES SOCIEDAD DE VALORES S.A.;0.0;0.0;0.0;100000.0;True;False;Aucun appel;0.0;0.0;0.0;0.0;344246066.91685504;0.0;344246066.91685504;0.0;0.0;0.0;0.0;0.0;0.0;0.0;0.0;0.0;0.0;0.0;0.0;0.0;0.0;16005986.61105;16005986.61105;0.0;16005986.61105;
228;981007;Citigroup Global Markets Europe AG;0.0;0.0;0.0;100000.0;True;False;Aucun appel;0.0;0.0;0.0;0.0;344246066.91685504;0.0;344246066.91685504;0.0;0.0;0.0;0.0;0.0;0.0;0.0;0.0;0.0;0.0;0.0;0.0;0.0;0.0;16005986.61105;16005986.61105;0.0;16005986.61105;
229;981007;DEUTSCHE BANK AKTIENGESELLSCHAFT;0.0;-1570000.0;1570000.0;100000.0;False;True;Contrepartie poste;0.0;0.0;0.0;0.0;344246066.91685504;0.0;344246066.91685504;0.0;0.0;0.0;0.0;0.0;0.0;0.0;0.0;0.0;0.0;0.0;0.0;0.0;0.0;16005986.61105;16005986.61105;0.0;16005986.61105;
230;981007;GOLDMAN SACHS BANK EUROPE SE;-648514.5646799253;-610000.0;-38514.56467992533;100000.0;True;False;Aucun appel;-610000.0;0.0;0.0;0.0;344246066.91685504;0.0;344246066.91685504;0.0;0.0;0.0;0.0;0.0;0.0;0.0;0.0;0.0;0.0;0.0;0.0;0.0;0.0;16005986.61105;16005986.61105;0.0;16005986.61105;
231;981007;GOLDMAN SACHS INTERNATIONAL;0.0;0.0;0.0;100000.0;True;False;Aucun appel;0.0;0.0;0.0;0.0;344246066.91685504;0.0;344246066.91685504;0.0;0.0;0.0;0.0;0.0;0.0;0.0;0.0;0.0;0.0;0.0;0.0;0.0;0.0;16005986.61105;16005986.61105;0.0;16005986.61105;
232;981007;HSBC CONTINENTAL EUROPE;0.0;0.0;0.0;100000.0;True;False;Aucun appel;0.0;0.0;0.0;0.0;344246066.91685504;0.0;344246066.91685504;0.0;0.0;0.0;0.0;0.0;0.0;0.0;0.0;0.0;0.0;0.0;0.0;0.0;0.0;16005986.61105;16005986.61105;0.0;16005986.61105;
233;981007;J.P. MORGAN SECURITIES LIMITED;0.0;0.0;0.0;100000.0;True;False;Aucun appel;0.0;0.0;0.0;0.0;344246066.91685504;0.0;344246066.91685504;0.0;0.0;0.0;0.0;0.0;0.0;0.0;0.0;0.0;0.0;0.0;0.0;0.0;0.0;16005986.61105;16005986.61105;0.0;16005986.61105;
234;981007;JP MORGAN SE;402807.4089957499;-50000.0;452807.4089957499;250000.0;False;True;Contrepartie poste;402807.4089957499;0.0;0.0;0.0;344246066.91685504;0.0;344246066.91685504;0.0;0.0;0.0;0.0;0.0;0.0;0.0;0.0;0.0;0.0;0.0;0.0;0.0;0.0;16005986.61105;16005986.61105;0.0;16005986.61105;
235;981007;MORGAN STANLEY AND CO. INTERNATIONAL PLC;0.0;0.0;0.0;100000.0;True;False;Aucun appel;0.0;0.0;0.0;0.0;344246066.91685504;0.0;344246066.91685504;0.0;0.0;0.0;0.0;0.0;0.0;0.0;0.0;0.0;0.0;0.0;0.0;0.0;0.0;16005986.61105;16005986.61105;0.0;16005986.61105;
236;981007;MORGAN STANLEY EUROPE SE;1585634.5735367497;300000.0;1285634.5735367497;100000.0;False;True;Contrepartie poste;1585634.5735367497;0.0;0.0;0.0;344246066.91685504;0.0;344246066.91685504;0.0;0.0;0.0;0.0;0.0;0.0;0.0;0.0;0.0;0.0;0.0;0.0;0.0;0.0;16005986.61105;16005986.61105;0.0;16005986.61105;
237;981007;NATIXIS;-34785.59052250028;0.0;-34785.59052250028;100000.0;True;False;Aucun appel;0.0;0.0;0.0;0.0;344246066.91685504;0.0;344246066.91685504;0.0;0.0;0.0;0.0;0.0;0.0;0.0;0.0;0.0;0.0;0.0;0.0;0.0;0.0;16005986.61105;16005986.61105;0.0;16005986.61105;
238;981007;NOMURA FINANCIAL PRODUCTS EUROPE GMBH;50602.340311000095;100000.0;-49397.659688999905;100000.0;True;False;Aucun appel;100000.0;0.0;0.0;0.0;344246066.91685504;0.0;344246066.91685504;0.0;0.0;0.0;0.0;0.0;0.0;0.0;0.0;0.0;0.0;0.0;0.0;0.0;0.0;16005986.61105;16005986.61105;0.0;16005986.61105;
239;981007;SOCIETE GENERALE;0.0;0.0;0.0;100000.0;True;False;Aucun appel;0.0;0.0;0.0;0.0;344246066.91685504;0.0;344246066.91685504;0.0;0.0;0.0;0.0;0.0;0.0;0.0;0.0;0.0;0.0;0.0;0.0;0.0;0.0;16005986.61105;16005986.61105;0.0;16005986.61105;
240;981007;State Street Bank International GmbH;0.0;0.0;0.0;100000.0;True;False;Aucun appel;0.0;0.0;0.0;0.0;344246066.91685504;0.0;344246066.91685504;0.0;0.0;0.0;0.0;0.0;0.0;0.0;0.0;0.0;0.0;0.0;0.0;0.0;0.0;16005986.61105;16005986.61105;0.0;16005986.61105;
241;981017;BNP PARIBAS;9066449.75588973;0.0;9066449.75588973;0.0;False;True;Contrepartie poste;9066449.75588973;38719068.10684;1603696.67;28772128.287175845;2250876.5297875004;0.0;2250876.5297875004;1603696.67;0.0;3138114.3171800002;0.0;0.0;0.0;0.0;0.0;0.0;0.0;0.0;0.0;0.0;0.0;3138114.3171800002;3138114.3171800002;0.0;3138114.3171800002;
242;981017;CACEIS BANK Luxembourg;0.0;0.0;0.0;100000.0;True;False;Aucun appel;0.0;38719068.10684;0.0;28772128.287175845;2250876.5297875004;0.0;2250876.5297875004;0.0;0.0;0.0;0.0;0.0;0.0;0.0;0.0;0.0;0.0;0.0;0.0;0.0;0.0;3138114.3171800002;3138114.3171800002;0.0;3138114.3171800002;
243;981017;CITIBANK EUROPE PUBLIC LIMITED COMPANY;-225619.4020939744;580000.0;-805619.4020939744;100000.0;False;True;Groupama poste;-225619.4020939744;38719068.10684;805619.4020939744;28772128.287175845;2250876.5297875004;0.0;2250876.5297875004;0.0;0.0;0.0;0.0;0.0;0.0;0.0;0.0;0.0;0.0;0.0;0.0;0.0;0.0;3138114.3171800002;3138114.3171800002;0.0;3138114.3171800002;
244;981017;CREDIT AGRICOLE CORPORATE AND INVESTMENT BANK;-43058.585177499976;-175000.0;131941.41482250002;100000.0;False;True;Contrepartie poste;-43058.585177499976;38719068.10684;0.0;28772128.287175845;2250876.5297875004;0.0;2250876.5297875004;0.0;0.0;0.0;0.0;0.0;0.0;0.0;0.0;0.0;0.0;0.0;0.0;0.0;0.0;3138114.3171800002;3138114.3171800002;0.0;3138114.3171800002;
245;981017;CREDIT SUISSE SECURITIES SOCIEDAD DE VALORES S.A.;0.0;0.0;0.0;100000.0;True;False;Aucun appel;0.0;38719068.10684;0.0;28772128.287175845;2250876.5297875004;0.0;2250876.5297875004;0.0;0.0;0.0;0.0;0.0;0.0;0.0;0.0;0.0;0.0;0.0;0.0;0.0;0.0;3138114.3171800002;3138114.3171800002;0.0;3138114.3171800002;
246;981017;Citigroup Global Markets Europe AG;0.0;0.0;0.0;100000.0;True;False;Aucun appel;0.0;38719068.10684;0.0;28772128.287175845;2250876.5297875004;0.0;2250876.5297875004;0.0;0.0;0.0;0.0;0.0;0.0;0.0;0.0;0.0;0.0;0.0;0.0;0.0;0.0;3138114.3171800002;3138114.3171800002;0.0;3138114.3171800002;
247;981017;DEUTSCHE BANK AKTIENGESELLSCHAFT;-2002315.395535175;5310000.0;-7312315.395535175;100000.0;False;True;Groupama poste;-2002315.3955351748;38719068.10684;7312315.395535175;28772128.287175845;2250876.5297875004;0.0;2250876.5297875004;0.0;0.0;0.0;0.0;0.0;0.0;0.0;0.0;0.0;0.0;0.0;0.0;0.0;0.0;3138114.3171800002;3138114.3171800002;0.0;3138114.3171800002;
248;981017;GOLDMAN SACHS BANK EUROPE SE;159290.835713325;-390000.0;549290.8357133251;100000.0;False;True;Contrepartie poste;159290.83571332507;38719068.10684;0.0;28772128.287175845;2250876.5297875004;0.0;2250876.5297875004;0.0;0.0;0.0;0.0;0.0;0.0;0.0;0.0;0.0;0.0;0.0;0.0;0.0;0.0;3138114.3171800002;3138114.3171800002;0.0;3138114.3171800002;
249;981017;GOLDMAN SACHS INTERNATIONAL;0.0;-1245000.0;1245000.0;100000.0;False;True;Contrepartie poste;0.0;38719068.10684;0.0;28772128.287175845;2250876.5297875004;0.0;2250876.5297875004;0.0;0.0;0.0;0.0;0.0;0.0;0.0;0.0;0.0;0.0;0.0;0.0;0.0;0.0;3138114.3171800002;3138114.3171800002;0.0;3138114.3171800002;
250;981017;GOLDMAN SACHS INTERNATIONAL  PARIS BRANCH;-225308.352035;0.0;-225308.352035;0.0;False;True;Groupama poste;-225308.352035;38719068.10684;225308.352035;28772128.287175845;2250876.5297875004;0.0;2250876.5297875004;0.0;0.0;0.0;0.0;0.0;0.0;0.0;0.0;0.0;0.0;0.0;0.0;0.0;0.0;3138114.3171800002;3138114.3171800002;0.0;3138114.3171800002;
251;981017;HSBC CONTINENTAL EUROPE;0.0;0.0;0.0;100000.0;True;False;Aucun appel;0.0;38719068.10684;0.0;28772128.287175845;2250876.5297875004;0.0;2250876.5297875004;0.0;0.0;0.0;0.0;0.0;0.0;0.0;0.0;0.0;0.0;0.0;0.0;0.0;0.0;3138114.3171800002;3138114.3171800002;0.0;3138114.3171800002;
252;981017;JP MORGAN SE;1110784.6623642503;0.0;1110784.6623642503;250000.0;False;True;Contrepartie poste;1110784.6623642503;38719068.10684;0.0;28772128.287175845;2250876.5297875004;0.0;2250876.5297875004;0.0;0.0;0.0;0.0;0.0;0.0;0.0;0.0;0.0;0.0;0.0;0.0;0.0;0.0;3138114.3171800002;3138114.3171800002;0.0;3138114.3171800002;
253;981017;MORGAN STANLEY EUROPE SE;263194.632840498;-230000.0;493194.632840498;100000.0;False;True;Contrepartie poste;263194.632840498;38719068.10684;0.0;28772128.287175845;2250876.5297875004;0.0;2250876.5297875004;0.0;0.0;0.0;0.0;0.0;0.0;0.0;0.0;0.0;0.0;0.0;0.0;0.0;0.0;3138114.3171800002;3138114.3171800002;0.0;3138114.3171800002;
254;981017;NATIXIS;269953.71774002357;-200000.0;469953.71774002357;100000.0;False;True;Contrepartie poste;269953.71774002357;38719068.10684;0.0;28772128.287175845;2250876.5297875004;0.0;2250876.5297875004;0.0;0.0;0.0;0.0;0.0;0.0;0.0;0.0;0.0;0.0;0.0;0.0;0.0;0.0;3138114.3171800002;3138114.3171800002;0.0;3138114.3171800002;
255;981017;NOMURA FINANCIAL PRODUCTS EUROPE GMBH;0.0;0.0;0.0;100000.0;True;False;Aucun appel;0.0;38719068.10684;0.0;28772128.287175845;2250876.5297875004;0.0;2250876.5297875004;0.0;0.0;0.0;0.0;0.0;0.0;0.0;0.0;0.0;0.0;0.0;0.0;0.0;0.0;3138114.3171800002;3138114.3171800002;0.0;3138114.3171800002;
256;981017;SOCIETE GENERALE;0.0;0.0;0.0;100000.0;True;False;Aucun appel;0.0;38719068.10684;0.0;28772128.287175845;2250876.5297875004;0.0;2250876.5297875004;0.0;0.0;0.0;0.0;0.0;0.0;0.0;0.0;0.0;0.0;0.0;0.0;0.0;0.0;3138114.3171800002;3138114.3171800002;0.0;3138114.3171800002;
257;981017;State Street Bank International GmbH;0.0;0.0;0.0;100000.0;True;False;Aucun appel;0.0;38719068.10684;0.0;28772128.287175845;2250876.5297875004;0.0;2250876.5297875004;0.0;0.0;0.0;0.0;0.0;0.0;0.0;0.0;0.0;0.0;0.0;0.0;0.0;0.0;3138114.3171800002;3138114.3171800002;0.0;3138114.3171800002;
