Portfolio;AssetClass;Country;ISIN;AssetID;Identifier;Nominal;TV;TVPercent;Duration;MacaulayDuration;DollarRateConvexity1pc;RateDelta1bp;SpreadDelta1bp;FXDelta;InflationDelta1bp;Counterparty
900200;Bond;Australia;XS3038544790;BRAMBLES LTD (EUR 3.625, 2-Apr-2033);XS3038544790;3500000.0;3349694.0613563797;0.4485598926039229;6.711337705588387;6.980757741408475;19315.29754845593;-2406.33357991024;-2406.33357991024;0.0;0.0;
900200;Bond;Austria;XS2904849879;RAIFFEISEN BANK INTERNATIONAL AG (EUR 5.250, 2-Jan-2035);XS2904849879;4000000.0;3937927.5592528605;0.5315630319030189;3.8901903609640778;4.084598253319214;8233.93931727402;-1689.1881487711098;-1689.1881487711098;0.0;0.0;
900200;Bond;Belgium;BE0390201672;FLUVIUS SYSTEM OPERATOR CVBA (EUR 3.500, 12-Mar-2035);BE0390201672;7000000.0;6508054.981045421;0.87941209347891;8.280013232146963;8.44110565506039;5374.808575452634;-5702.640726868512;-5702.640726868512;0.0;0.0;
900200;Bond;Belgium;BE6362152199;VGP (EUR 4.250, 29-Jan-2031);BE6362152199;4000000.0;3816663.455979488;0.5066851247560895;4.938778749182606;5.177247808487059;12143.7932385601;-2002.7583392618048;-2002.7583392618048;0.0;0.0;
900200;Bond;France;FR0012737963;CREDIT AGRICOLE SA (EUR 2.700, 15-Jul-2025);FR0012737963;2700000.0;2703438.899329546;0.3482669570509262;0.2876512911091377;0.2899892427143911;41.9619519131888;-78.33000558424631;-78.33000558424631;0.0;0.0;
900200;Bond;France;FR0013413887;ORANGE SA (EUR 4.629, Perpetual);FR0013413887;4000000.0;4085088.3599174344;0.5245620710454753;0.03888336883868996;0.0410958904453932;15.725012403322586;-16.792174892099837;-16.792174892099837;0.0;0.0;
900200;Bond;France;FR0014009A50;BANQUE FEDERATIVE DU CREDIT MUTUEL (EUR 1.000, 23-May-2025);FR0014009A50;5800000.0;5828643.603552497;0.7489725968219553;0.14083942713324518;0.1452054795919112;91.71501247350596;-84.7150559879893;-84.7150559879893;0.0;0.0;
900200;Bond;France;FR001400A5N5;KERING SA (EUR 1.250, 5-May-2025);FR001400A5N5;6800000.0;6860795.735572146;0.8812776587359725;0.09276358065545481;0.0958904110407584;67.83888420815575;-65.82632493901289;-65.82632493901289;0.0;0.0;
900200;Bond;France;FR001400N6I8;BANQUE FEDERATIVE DU CREDIT MUTUEL (EUR 3.750, 3-Feb-2034);FR001400N6I8;100000.0;95763.23174370249;0.0129358570109462;7.345561485516465;7.650788759547565;671.5227862663645;-76.9401649546299;-76.9401649546299;0.0;0.0;
900200;Bond;France;FR001400Y969;AIR LIQUIDE SA (EUR 3.500, 21-Mar-2035);FR001400Y969;5000000.0;4763376.743265262;0.6438886212624725;8.15615769197654;8.475231362287156;40824.502825454365;-4203.629621378072;-4203.629621378072;0.0;0.0;
900200;Bond;France;FR0128910454;NEUCP ORANOF 20250212 20250423 2.82;FR0128910454;3500000.0;3492952.4028418222;0.4485854973700109;0.06212047844567491;0.0638888889443029;22.56402065192675;-22.018709886302737;-22.018709886302737;0.0;0.0;
900200;Bond;France;FR0128957760;NEUCP MSQTRE 100225 100425;FR0128957760;17000000.0;16985032.873219684;2.1808516269383698;0.027004574042049312;0.0277777778003708;46.0609783664252;-46.541987376608986;-46.541987376608986;0.0;0.0;
900200;Bond;France;FR0129030898;NEUCP FAUREC 20250203 20250505 3.085;FR0129030898;10000000.0;9955722.598969826;1.2801144489150478;0.09418038665334373;0.0972222223096581;100.30479780098482;-95.61711775863014;-95.61711775863014;0.0;0.0;
900200;Bond;France;FR0129061653;NEUCP PLAOMN 20250317 20250717 2.775;FR0129061653;20000000.0;19739847.98897749;2.5465818344889573;0.2912021224354275;0.3000000003538458;732.4803652503042;-586.9487698323235;-586.9487698323235;0.0;0.0;
900200;Bond;France;FR0129084762;NEUCP FAUREC 030325 030425 ESTRON 0.55;FR0129084762;10000000.0;10022156.26450262;1.2867748046198073;0.0028283715953708495;0.0029116403398515;-0.0063948846218409;-2.834948440723462;-8.238394942607345;0.0;0.0;
900200;Bond;France;FR0129105872;NEUCP ILIAD 20250317 20250417 2.93;FR0129105872;17700000.0;17662519.740041535;2.2692109573579806;0.045778888911226515;0.0472222222619144;82.55097772169675;-82.3270583505149;-82.3270583505149;0.0;0.0;
900200;Bond;France;FR0129106383;NEUCP VCTFP 180325 180625;FR0129106383;7000000.0;6949324.08029865;0.8932957153316644;0.2130389693679631;0.2194444446781464;176.35113147557556;-150.60560902201584;-150.60560902201584;0.0;0.0;
900200;Bond;France;FR0129107795;NEUCP ILIAD 20250324 20250424 2.92;FR0129107795;13000000.0;12961148.898694249;1.6657248566248244;0.06462880010319388;0.0666666667237831;87.1364647136686;-85.31655537752246;-85.31655537752246;0.0;0.0;
900200;Bond;France;FR0129109759;NEUCP VCTFP 20250331 20250430 2.71;FR0129109759;14000000.0;13961471.239535987;1.793220696194178;0.08090387482891123;0.0833333334070602;119.43820155124384;-114.80843626612564;-114.80843626612564;0.0;0.0;
900200;Bond;France;XS0207764712;BANQUE FEDERATIVE DU CREDIT MUTUEL (EUR 2.275, Perpetual);XS0207764712;12184000.0;11925968.772947636;1.563912565590435;0.22902764195721242;0.2320734425074561;116.36132182246683;-279.1360378925296;-2623.245304030629;0.0;0.0;
900200;Bond;Germany;DE000A289RN6;MERCEDES BENZ GROUP AG (EUR 2.625, 7-Apr-2025);DE000A289RN6;22000000.0;22561628.226363894;2.8967348626723237;0.01855375420414391;0.0191780822078671;41.47979293407939;-43.273855507907015;-43.273855507907015;0.0;0.0;
900200;Bond;Germany;DE000A4DE9Y3;DEUTSCHE BANK AG (EUR 3.375, 13-Feb-2031);DE000A4DE9Y3;4700000.0;4525695.241553664;0.598729530943869;4.38287226692791;4.55572566536244;11363.953271045835;-2125.0900667548967;-2125.0900667548967;0.0;0.0;
900200;Bond;Germany;DE000NRW0N26;LAND NORDRHEIN-WESTFALEN (EUR 3.400, 7-Mar-2073);DE000NRW0N26;8500000.0;7286227.332527611;1.0301603663479597;22.024524791175292;23.547268523168032;636055.9528033625;-18456.13517996047;-18456.13517996047;0.0;0.0;
900200;Bond;Germany;XS2152062209;VOLKSWAGEN AG (EUR 3.000, 6-Apr-2025);XS2152062209;20000000.0;20586167.8946806;2.643101359132608;0.01585265745368591;0.0164383561765415;32.14801758181339;-39.48486545376844;-39.48486545376844;0.0;0.0;
900200;Bond;Germany;XS2187689034;VOLKSWAGEN AG (EUR 3.500, Perpetual);XS2187689034;30000000.0;30711188.250714786;3.947681962797167;0.2037382834523784;0.2136986303568917;728.4268521703793;-657.1364608746977;-657.1364608746977;0.0;0.0;
900200;Bond;Germany;XS2189784288;COMMERZBANK AG (EUR 6.125, Perpetual);XS2189784288;15000000.0;15891454.382729223;2.0523488054742245;0.4724306183315527;0.497248730146765;1099.3818855309096;-794.9455932069907;-794.9455932069907;0.0;0.0;
900200;Bond;Greece;XS2987792269;EUROBANK ERGASIAS SA (EUR 4.250, 30-Apr-2035);XS2987792269;6000000.0;5653402.3849647585;0.7665946607196744;4.228812952071501;4.4335789781846895;13754.94919394662;-2650.1285306208706;-2650.1285306208706;0.0;0.0;
900200;Bond;Ireland;XS2010031057;ALLIED IRISH BANKS PLC (EUR 6.250, Perpetual);XS2010031057;8204000.0;8350168.290471748;1.0749408946846444;0.2253777986967556;0.230769230853327;135.01536103355247;-192.70042649278747;-192.70042649278747;0.0;0.0;
900200;Bond;Italy;XS1739839998;UNICREDIT SPA (EUR 5.375, Perpetual);XS1739839998;18000000.0;18269537.945058353;2.350339831869259;0.17090499836454012;0.1758241758787268;206.0460602138185;-321.01804028304343;-321.01804028304343;0.0;0.0;
900200;Bond;Italy;XS2110110686;BANCA MONTE DEI PASCHI DI SIENA SPA (EUR 2.625, 28-Apr-2025);XS2110110686;15000000.0;15342390.525745913;1.97059769528048;0.07374308583953373;0.0767123288327277;117.72849362046114;-117.75376618502531;-117.75376618502531;0.0;0.0;
900200;Bond;Italy;XS2278566299;AUTOSTRADE PER L' ITALIA SPA (EUR 2.000, 15-Jan-2030);XS2278566299;4000000.0;3658858.8574951747;0.4825290829643325;4.418467027087677;4.584713015001348;9185.88962174244;-1663.6583111832406;-1663.6583111832406;0.0;0.0;
900200;Bond;Italy;XS2532681074;ENTE FERROVIE DELLO STAT (EUR 3.750, 14-Apr-2027);XS2532681074;7500000.0;7832540.209485841;1.017318087615923;1.8771260869608035;1.9329227456670264;4383.452251177668;-1531.618654688129;-1531.618654688129;0.0;0.0;
900200;Bond;Japan;XS1684385161;SOFTBANK GROUP CORP (EUR 3.125, 19-Sep-2025);XS1684385161;8365000.0;8261748.1399071915;1.068737698558925;0.4588410188961624;0.4694444447118195;362.83504782503377;-383.1768078404785;-383.1768078404785;0.0;0.0;
900200;Bond;Luxembourg;DE000A3LKBD0;TRATON FINANCE LUXEMBOURG SA (EUR 3.024, 21-Jan-2026);DE000A3LKBD0;9900000.0;9974680.766250785;1.2848260222141146;0.06295189914314099;0.0633925206185219;6.369009319939778;-63.009527373103786;-798.6098891221635;0.0;0.0;
900200;Bond;Luxembourg;FR0128962497;NEUCP ARCMIT 030325 030425;FR0128962497;20000000.0;19994605.75683446;2.5669806458563897;0.008096031153142214;0.0083333333407781;15.936074682100465;-16.434733019848487;-16.434733019848487;0.0;0.0;
900200;Bond;Luxembourg;FR0129101236;NEUCP ARCMIT 060325 070425;FR0129101236;10000000.0;9993718.255659616;1.2831144892754751;0.01889175237130581;0.019444444460337;18.7934667829838;-19.168240671424478;-19.168240671424478;0.0;0.0;
900200;Bond;Netherlands;XS2189964773;ACHMEA BV (EUR 0.010, 16-Jun-2025);XS2189964773;14300000.0;14207402.920218317;1.8264128574935257;0.20529694995952624;0.2062288660595193;345.8821359324088;-300.1293622780855;-300.1293622780855;0.0;0.0;
900200;Bond;Netherlands;XS3003295519;KONINKLIJKE KPN NV (EUR 3.375, 17-Feb-2035);XS3003295519;5900000.0;5428989.463311577;0.7334791134835666;8.070201297101887;8.413752106247971;45621.13060737734;-4741.225839784203;-4741.225839784203;0.0;0.0;
900200;Bond;Netherlands;XS3037682112;AKZO NOBEL NV (EUR 4.000, 31-Mar-2035);XS3037682112;12700000.0;12059451.288177742;1.6286638459206129;7.976884748202128;8.333857623135737;99989.61611651939;-10451.445197037714;-10451.445197037714;0.0;0.0;
900200;Bond;Portugal;PTCGDNOM0026;CAIXA GERAL DE DEPOSITOS (EUR 2.875, 15-Jun-2026);PTCGDNOM0026;3000000.0;3064083.754264061;0.3938990114274114;0.20197203368130512;0.2082191783000463;72.98238013928454;-64.7283327078179;-64.7283327078179;0.0;0.0;
900200;Bond;Spain;ES0813211028;BANCO BILBAO VIZCAYA ARGENTARIA SA (EUR 6.000, Perpetual);ES0813211028;10000000.0;10167843.60309043;1.3175365139554422;0.7613998354671467;0.7699333533009205;801.5036634389886;-792.9699742464397;-792.9699742464397;0.0;0.0;
900200;Bond;Spain;XS1808351214;CAIXABANK (EUR 2.250, 17-Apr-2030);XS1808351214;37700000.0;38465742.78162464;4.9408907495847485;0.044909582362037154;0.0465753425042117;175.27127904592948;-179.2557010733722;-179.2557010733722;0.0;0.0;
900200;Bond;Spain;XS2286011528;BANCO DE SABADELL SA (EUR 2.500, 15-Apr-2031);XS2286011528;15000000.0;15095076.972908733;1.9525663961707465;0.06232487222082548;0.0667651640910032;297.62659004006764;-95.52263776494225;-1180.252655189818;0.0;0.0;
900200;Bond;Spain;XS2538366878;BANCO SANTANDER SA (EUR 3.625, 27-Sep-2026);XS2538366878;30000000.0;30584050.46861433;3.9390655579100535;0.47907266555408606;0.4931506856566574;2142.638333397119;-1529.97171250596;-1529.97171250596;0.0;0.0;
900200;Bond;Spain;XS3004055177;BANCO DE SABADELL SA (EUR 3.375, 18-Feb-2033);XS3004055177;6300000.0;5879413.793688899;0.786569029774529;5.971832247958121;6.225696627792357;26942.786536082687;-3809.155545885264;-3809.155545885264;0.0;0.0;
900200;Bond;Switzerland;CH1142231682;UBS AG (EUR 0.250, 3-Nov-2026);CH1142231682;35000000.0;34392806.85798973;4.432385071771567;0.5772038252560797;0.5945205489162556;3100.1787247612046;-2052.655285200417;-2052.655285200417;0.0;0.0;
900200;Bond;Switzerland;CH1174335732;UBS AG (EUR 2.125, 13-Oct-2026);CH1174335732;40000000.0;40103095.07494677;5.1663609000264055;0.5209661628866971;0.5369863021949394;3141.4968403972584;-2161.024132091072;-2161.024132091072;0.0;0.0;
900200;Bond;Switzerland;XS3025207807;SWISS RE LTD (EUR 3.890, 26-Mar-2033);XS3025207807;1625000.0;1500317.819574219;0.2076812567822683;5.7965409277198265;6.04752674119393;6742.8716038625225;-978.5258756947976;-978.5258756947976;0.0;0.0;
900200;Bond;United Kingdom;XS2183818637;STANDARD CHARTERED PLC (EUR 2.500, 9-Sep-2030);XS2183818637;20200000.0;20321550.340484615;2.6227954071737143;0.42963665201254814;0.4438356170535247;1232.7755212140703;-906.7722762214393;-906.7722762214393;0.0;0.0;
900200;Bond;United Kingdom;XS2487667276;BARCLAYS BANK PLC (EUR 2.885, 31-Jan-2027);XS2487667276;6000000.0;6003927.794035654;0.7750191326266564;0.814375213574336;0.8383561661127655;882.2493801531004;-509.4269832238694;-509.4269832238694;0.0;0.0;
900200;Bond;United Kingdom;XS2710354544;NATIONWIDE BUILDING SOC (EUR 4.500, 1-Nov-2026);XS2710354544;20000000.0;20746768.35987995;2.6905144475323173;1.5040800602680384;1.5467370571928056;7926.3916319405325;-3247.610058748854;-3247.610058748854;0.0;0.0;
900200;Bond;United Kingdom;XS3011736108;UNITED UTILITIES WATER PLC (EUR 3.500, 27-Feb-2033);XS3011736108;3500000.0;3289747.0769368093;0.4403470364951632;6.639399031040378;6.919155486185748;18587.186136464014;-2339.210818179095;-2339.210818179095;0.0;0.0;
900200;Bond;United States;XS2052337503;FORD MOTOR CREDIT CO (EUR 2.330, 25-Nov-2025);XS2052337503;16000000.0;15892710.616392652;2.062547709977496;0.6346214804051264;0.6547945216774717;1643.2229798462545;-1052.012036154409;-1052.012036154409;0.0;0.0;
900200;Bond;United States;XS2462324232;BANK OF AMERICA CORPORATION (EUR 1.949, 27-Oct-2026);XS2462324232;30000000.0;30008452.60829984;3.8668659729174975;0.5589054002837035;0.5753424666744049;2588.887104613201;-1732.9946368592048;-1732.9946368592048;0.0;0.0;
900200;Bond;United States;XS3037678862;AT&T INC (EUR 4.050, 1-Jun-2037);XS3037678862;7300000.0;6849004.052374885;0.9331715854562538;9.302118475198176;9.736586357345702;78865.48817544717;-6999.515793856599;-6999.515793856599;0.0;0.0;
900200;Bond Future;Germany;Not Classified;Euro-Bobl (Jun 25);OEM25 Cmdty;-8200000.0;186533.6549726389;0.0;inf;;-26492.178986517905;4663.341374315973;4663.341374315973;0.0;0.0;
900200;Bond Future;Germany;Not Classified;Euro-Bund (Jun 25);RXM25 Cmdty;-32700000.0;1371935.3164363853;0.0;inf;;-312270.0598926951;34298.38291090963;34298.38291090963;0.0;0.0;
900200;Bond Future;Germany;Not Classified;Euro-Schatz (Jun 25);DUM25 Cmdty;-500000.0;4123.375420056874;0.0;inf;;-290.5085280898374;103.08438550142183;103.08438550142183;0.0;0.0;
900200;Bond Future;Italy;Not Classified;Euro-BTP-Italy-10yr (Jun 25);IKM25 Cmdty;-2600000.0;138662.81142631825;0.0;inf;;-19875.9704992228;2311.046857105304;2311.046857105304;0.0;0.0;
900200;Bond Future;Italy;Not Classified;Short-Euro-BTP-Italy-03yr (Jun 25);BTSM25 Cmdty;-4300000.0;61799.71817955386;0.0;inf;;-2785.0318698967044;1029.9953029925643;1029.9953029925643;0.0;0.0;
900200;CDS Index;Europe;Not Classified;ITRAXX.EUROPE CROSSOVER.S43.V1 5Y;2I667K.S43.5Y;-14450000.0;-110957.37011748517;-0.1408102957689092;2.516336896630835;;0.0;274.28888763722927;6993.08912922159;0.0;0.0;
900200;CDS Index;Europe;Not Classified;ITRAXX.EUROPE SENIOR FINANCIALS.S43.V1 5Y;2I667D.S43.5Y;142875000.0;-715406.216750863;0.2779538269099523;2.6285194827959;;0.0;-565.4176680063538;-71660.06288770869;0.0;0.0;
900200;CDS Index;Europe;Not Classified;ITRAXX.EUROPE SUB FINANCIALS.S43.V1 5Y;2I667E.S43.5Y;-24500000.0;1368012.740021864;0.0309032307715085;2.734593838138342;;0.0;-65.38367536522775;11883.425883039254;0.0;0.0;
900200;CDS Index;Europe;Not Classified;ITRAXX.EUROPE.S43.V1 5Y;2I666V.S43.5Y;-221550000.0;-47366.46400158713;-0.5065779518534878;2.63765722425907;;0.0;1034.0473535251772;110651.15065299276;0.0;0.0;
900200;Cash;Not Classified;Not Classified;CAD;CSH_CAD_DB;0.1415084160361582;0.1415084160361582;1.8166472294615245e-08;0.0;0.0;0.0;0.0;0.0;0.0014150841603615;0.0;
900200;Cash;Not Classified;Not Classified;CHF;CSH_CHF_DB;23.239341306453824;23.239341306453824;2.9834045339107357e-06;0.0;0.0;0.0;0.0;0.0;0.2323934130645382;0.0;
900200;Cash;Not Classified;Not Classified;EUR;CSH_EUR_DB;18303574.630000003;18303574.630000003;2.349763997947332;0.0;0.0;0.0;0.0;0.0;0.0;0.0;
900200;Cash;Not Classified;Not Classified;GBP;CSH_GBP_DB;6986.8624907424555;6985.11577511977;0.0008969547354125;0.0;0.0;0.0;0.0;0.0;69.86862490742455;0.0;
900200;Cash;Not Classified;Not Classified;USD;CSH_USD_DB;380599.0742455101;380503.92447694874;0.0488602920682157;0.0;0.0;0.0;0.0;0.0;3805.9907424551006;0.0;
900200;Credit Default Swap;Denmark;Not Classified;CDS TELDAN 20/12/2026 VP CRED_SUIS_SEC_ES;CDSB100001026;5000000.0;287212.8203477302;0.053413438833432;0.969418283341027;;0.0;-40.23691613778968;-913.1945584135715;0.0;0.0;MORGAN STANLEY EUROPE SE
900200;Credit Default Swap;France;Not Classified;CDS EDF 20/06/2027 VP JP_MORGAN_DE;CDSB100001112;15000000.0;82484.48464126926;0.0255455898261776;1.206610043286972;;0.0;-23.93813806678136;-3311.5825773415327;0.0;0.0;JP MORGAN SE
900200;Credit Default Swap;France;Not Classified;CDS ORANAA 20/06/2028 VP MORGAN_STAN_DE;CDSB100001684;17500000.0;241906.42606595196;0.0565453400057823;1.7074741830154356;;0.0;-74.88943033951215;-5619.525172442138;0.0;0.0;MORGAN STANLEY EUROPE SE
900200;Credit Default Swap;Germany;Not Classified;CDS BMW 20/12/2027 AP JP_MORGAN_DE;CDSB100001504;-21000000.0;-151948.8714420802;-0.0451412471562361;1.454929953122206;;0.0;50.974877044460136;5668.748323021944;0.0;0.0;JP MORGAN SE
900200;Credit Default Swap;Germany;Not Classified;CDS MERCEGR 20/06/2028 AP SOGE_FR;CDSB100001851;-21500000.0;-149216.06907764438;-0.0500633288143585;1.6981433230153664;;0.0;65.943748401371;6831.586035140955;0.0;0.0;SOCIETE GENERALE
900200;Credit Default Swap;Germany;Not Classified;CDS VW 20/06/2028 VP SOGE_FR;CDSB100001853;15000000.0;-15080.217324585683;0.0193016499407662;1.6763896250741956;;0.0;-25.09991714971793;-4708.67554869369;0.0;0.0;SOCIETE GENERALE
900200;Credit Default Swap;Italy;Not Classified;CDS SANPAO 20/06/2028 AP GOLDMAN_SACHS_FR;CDSB100001670;-15000000.0;-1552465.9161277974;-0.2625855086152631;1.7056869357660358;;0.0;347.40939214947247;5097.563145544382;0.0;0.0;GOLDMAN SACHS BANK EUROPE SE
900200;Credit Default Swap;Netherlands;Not Classified;CDS KPN 20/06/2028 AP MORGAN_STAN_DE;CDSB100001686;-12500000.0;-140243.15453263515;-0.0361292546730919;1.704821029198564;;0.0;47.77604574383691;3999.789319108441;0.0;0.0;MORGAN STANLEY EUROPE SE
900200;Credit Default Swap;Spain;Not Classified;CDS IBERDU 20/06/2027 AP JP_MORGAN_DE;CDSB100001110;-22000000.0;-223491.36527704427;-0.0508330890632617;1.2138851202778265;;0.0;47.920766838842326;4893.624738454332;0.0;0.0;JP MORGAN SE
900200;Credit Default Swap;Spain;Not Classified;CDS TELEFO 20/06/2028 VP MORGAN_STAN_DE;CDSB100001742;20000000.0;140302.43255806027;0.0467495089116771;1.6977258477882147;;0.0;-61.563687660526334;-6351.87214505152;0.0;0.0;MORGAN STANLEY EUROPE SE
900200;Credit Default Swap;United Kingdom;Not Classified;CDS BRITEL-BritTel 20/06/2028 AP MORGAN_STAN_DE;CDSB100001740;-18000000.0;-166440.99117484604;-0.0473612559391748;1.7018959081409089;;0.0;62.521839363102735;5740.5211154310655;0.0;0.0;MORGAN STANLEY EUROPE SE
900200;Credit Default Swap;United Kingdom;Not Classified;CDS STELNV 20/12/2027 VP JP_MORGAN_DE;CDSB100001503;10000000.0;-70315.28566454095;0.0028732266651293;1.3387246141972107;;0.0;-2.986252642216136;-2646.3353148955403;0.0;0.0;JP MORGAN SE
900200;Credit Default Swap;United States;Not Classified;CDS BACORP 20/06/2028 VP BNP_PARIBAS_FR;CDSB100001671;20366598.778004076;196625.45779149656;0.0414014396396907;1.6761623875626064;;0.0;-53.94312651349527;-6255.884631396778;3224.9806401685505;0.0;BNP PARIBAS
900200;Fund Unit;Not Classified;FR0012599645;GROUPAMA ULTRA SHORT TERM - IC;FR0012599645;25825436.446225125;50617554.92515441;6.514340878742996;0.22891373408708882;0.279943308746022;3876.2395438049007;-1279.9927235569696;-2689.9259644769504;2.084721434473003e-08;0.0;
900200;Fund Unit;Not Classified;LU2550878602;GROUPAMA ALPHA FIXED INCOME PLUS - IC;LU2550878602;13660215.194403768;18566996.61195246;2.39383566592234;0.5361451713719956;0.591398399514606;429.3950903835528;-1090.7690354308054;-1503.0485646220168;212.07267262650475;92.68783633093985;
900200;Index Linked Swap;Not Classified;Not Classified;INF EUR PAY EU-HICP 0.0219 15/03/2034;INFS10000294;-18819840.0;5026.39673339203;0.0433682966680112;9.166025475602451;;-48.69983947987938;-302.74132942853805;0.0;0.0;-16261.202025148668;JP MORGAN SE
900200;Index Linked Swap;Not Classified;Not Classified;INF EUR PAY EU-HICP 0.024 15/05/2044;INFS10000347;-16100000.0;110691.9541025327;0.0905506455079399;20.092658013535253;;-1131.6908057268174;-1349.8228184163236;0.0;0.0;-28045.50592804178;CITIBANK EUROPE PUBLIC LIMITED COMPANY
900200;Index Linked Swap;Not Classified;Not Classified;INF EUR PAY EU-HICP 0.02404 15/05/2044;INFS10000345;-16100000.0;122189.87596959341;0.0921008852844989;20.093344721211423;;-1170.7719146807192;-1372.9319747638906;0.0;0.0;-28045.50592804178;JP MORGAN SE
900200;Index Linked Swap;Not Classified;Not Classified;INF EUR PAY EU-HICP 0.0246 15/03/2054;INFS10000296;-17558580.0;24556.368309016223;0.1342300541249008;31.199256986526994;;-5227.462631761314;-3029.6329249292944;0.0;0.0;-47264.64201685157;JP MORGAN SE
900200;Index Linked Swap;Not Classified;Not Classified;INF EUR REC EU-HICP 0.0235 15/03/2044;INFS10000295;37955580.0;22784.215923962183;-0.1742387886832403;19.901672148174544;;1746.489229204141;2574.664867065924;0.0;0.0;65782.85808318191;JP MORGAN SE
900200;Index Linked Swap;Not Classified;Not Classified;INF EUR REC EU-HICP 0.02414 15/05/2044;INFS10000353;15830000.0;-141707.7071858294;-0.0934641650007544;20.09465476800806;;1226.2525069093203;1393.2541498137;0.0;0.0;27575.177567757848;GOLDMAN SACHS INTERNATIONAL  PARIS BRANCH
900200;Index Linked Swap;Not Classified;Not Classified;INF EUR REC EU-HICP 0.02417 15/05/2044;INFS10000350;5100000.0;-50251.438115810335;-0.0307314460808815;20.095521501204484;;411.4967215943095;458.1083539516847;0.0;0.0;8883.980138696465;CREDIT AGRICOLE CORPORATE AND INVESTMENT BANK
900200;Index Linked Swap;Not Classified;Not Classified;INF EUR REC EU-HICP 0.02422 15/05/2044;INFS10000349;11270000.0;-121137.11724049959;-0.069271057029257;20.096382497517578;;946.1288287757332;1032.611671726967;0.0;0.0;19631.85414962925;GOLDMAN SACHS INTERNATIONAL  PARIS BRANCH
900200;Swap;Not Classified;Not Classified;IRS PAY EUR 2.1989%/REC EURIBOR6M 07/03/2073;IRSB100007718;-7580000.0;-6537253.523793838;-0.9064204069375336;28.901478019147515;30.374046384026883;-831663.43911574;20933.686786337228;0.0;0.0;0.0;JP MORGAN SE
900200;Swap;Not Classified;Not Classified;IRS REC EUR OIS/2.1272% 31/10/2025;IRSB100009460;-45000000.0;-44944934.52668994;-5.778380265820974;0.586301226268374;0.5989332651950682;-1547.2522804791583;2638.9951534335733;0.0;0.0;0.0;BNP PARIBAS
900200;Swap;Not Classified;Not Classified;IRS REC EUR OIS/2.1782% 25/11/2025;IRSB100008990;-16000000.0;-16095294.20450919;-2.069658860672642;0.6547943867436757;0.6687941453160462;-691.2266131741188;1055.6388963422246;0.0;0.0;0.0;CREDIT AGRICOLE CORPORATE AND INVESTMENT BANK
981017;Bond;Australia;XS3038544790;BRAMBLES LTD (EUR 3.625, 2-Apr-2033);XS3038544790;3500000.0;3349694.0613563797;0.8158286818404981;6.711337705588387;6.980757741408475;19315.29754845593;-2406.33357991024;-2406.33357991024;0.0;0.0;
981017;Bond;Austria;XS2904849879;RAIFFEISEN BANK INTERNATIONAL AG (EUR 5.250, 2-Jan-2035);XS2904849879;4000000.0;3937927.5592528605;0.9667925616691346;3.8901903609640778;4.084598253319214;8233.93931727402;-1689.1881487711098;-1689.1881487711098;0.0;0.0;
981017;Bond;Belgium;BE0390201672;FLUVIUS SYSTEM OPERATOR CVBA (EUR 3.500, 12-Mar-2035);BE0390201672;7000000.0;6508054.981045421;1.5994510896920469;8.280013232146963;8.44110565506039;5374.808575452634;-5702.640726868512;-5702.640726868512;0.0;0.0;
981017;Bond;Belgium;BE6362152199;VGP (EUR 4.250, 29-Jan-2031);BE6362152199;4000000.0;3816663.455979488;0.921545292510028;4.938778749182606;5.177247808487059;12143.7932385601;-2002.7583392618048;-2002.7583392618048;0.0;0.0;
981017;Bond;France;FR0011949403;CNP ASSURANCES (EUR 4.250, 5-Jun-2045);FR0011949403;2000000.0;2064241.2759767205;0.4830262163761593;0.17274075984504114;0.1808219179882401;40.505012677271914;-37.4071750797521;-37.4071750797521;0.0;0.0;
981017;Bond;France;FR0012329845;BNP PARIBAS SA (EUR 4.032, Perpetual);FR0012329845;2800000.0;2823609.992888227;0.664503898319183;0.6304344047274599;0.6547945216651956;287.2419058188896;-186.35270793530708;-186.35270793530708;0.0;0.0;
981017;Bond;France;FR0013416146;ELO SACA (EUR 2.375, 25-Apr-2025);FR0013416146;3300000.0;3362404.5721908407;0.7859735278886097;0.06482472020932879;0.0684931507408217;22.172268101385175;-23.056224995308675;-23.056224995308675;0.0;0.0;
981017;Bond;France;FR0013428414;RENAULT S.A. (EUR 1.250, 24-Jun-2025);FR0013428414;4600000.0;4603562.033176934;1.0789793411652175;0.22461910541793365;0.2328767125559343;124.0325018252484;-106.34882341902744;-106.34882341902744;0.0;0.0;
981017;Bond;France;FR0013510179;ELO SACA (EUR 2.875, 29-Jan-2026);FR0013510179;6700000.0;6490235.167947496;1.5353192316916786;0.7852295146632318;0.8328767134618487;896.4625941693939;-517.0360924267952;-517.0360924267952;0.0;0.0;
981017;Bond;France;FR00140009W6;LA BANQUE POSTALE SA (EUR 0.875, 26-Jan-2031);FR00140009W6;2000000.0;1959446.2120379428;0.4606902523697103;0.5515357762096244;0.5726027406255257;165.6358450386395;-113.51900919442949;-113.51900919442949;0.0;0.0;
981017;Bond;France;FR0014000NZ4;RENAULT S.A. (EUR 2.375, 25-May-2026);FR0014000NZ4;6000000.0;5950910.969524454;1.4149184703714257;1.081155268067971;1.1194560847197232;1361.5692571847535;-660.4631967892373;-660.4631967892373;0.0;0.0;
981017;Bond;France;FR0014003G27;VERALLIA SA (EUR 1.625, 14-May-2028);FR0014003G27;5000000.0;4863122.4134325795;1.1573723921537165;2.902081478370973;2.979279674925659;5707.797140550409;-1442.0471695670076;-1442.0471695670076;0.0;0.0;
981017;Bond;France;FR001400KWR6;ELO SACA (EUR 6.000, 22-Mar-2029);FR001400KWR6;8000000.0;6853361.142097388;1.6958593064350318;3.3242589171806878;3.629909182807929;10724.134795737313;-2483.360450551371;-2483.360450551371;0.0;0.0;
981017;Bond;France;FR001400Y969;AIR LIQUIDE SA (EUR 3.500, 21-Mar-2035);FR001400Y969;5000000.0;4763376.743265262;1.1710873259025405;8.15615769197654;8.475231362287156;40824.502825454365;-4203.629621378072;-4203.629621378072;0.0;0.0;
981017;Bond;France;FR0128910454;NEUCP ORANOF 20250212 20250423 2.82;FR0128910454;3500000.0;3492952.4028418222;0.8158752511011717;0.06212047844567491;0.0638888889443029;22.56402065192675;-22.018709886302737;-22.018709886302737;0.0;0.0;
981017;Bond;France;FR0128957760;NEUCP MSQTRE 100225 100425;FR0128957760;8000000.0;7992956.646221026;1.8665761643309524;0.027004574042049312;0.0277777778003708;21.67575452537657;-21.902111706639523;-21.902111706639523;0.0;0.0;
981017;Bond;France;FR0129030898;NEUCP FAUREC 20250203 20250505 3.085;FR0129030898;5000000.0;4977861.299484914;1.1641188843264467;0.09418038665334373;0.0972222223096581;50.15239890049241;-47.80855887931507;-47.80855887931507;0.0;0.0;
981017;Bond;France;FR0129061653;NEUCP PLAOMN 20250317 20250717 2.775;FR0129061653;10000000.0;9869923.994488746;2.315827312568687;0.2912021224354275;0.3000000003538458;366.2401826251521;-293.47438491616174;-293.47438491616174;0.0;0.0;
981017;Bond;France;FR0129107795;NEUCP ILIAD 20250324 20250424 2.92;FR0129107795;4000000.0;3988045.814982845;0.9321771133978952;0.06462880010319388;0.0666666667237831;26.81121991189803;-26.25124780846845;-26.25124780846845;0.0;0.0;
981017;Bond;France;FR0129109759;NEUCP VCTFP 20250331 20250430 2.71;FR0129109759;11000000.0;10969727.402492562;2.5625769920933004;0.08090387482891123;0.0833333334070602;93.84430121883443;-90.206628494813;-90.206628494813;0.0;0.0;
981017;Bond;France;USF43628B413;SOCIETE GENERALE SA (USD 8.000, Perpetual);USF43628B413;18515089.79818552;18574513.23617831;4.351054043008017;0.4808136224711176;0.4972222225104177;865.0635804486664;-929.1934494452092;-929.1934494452092;186349.23574038537;0.0;
981017;Bond;France;XS0207764712;BANQUE FEDERATIVE DU CREDIT MUTUEL (EUR 2.275, Perpetual);XS0207764712;19936000.0;19513797.88718681;4.654136690658311;0.22902764195721242;0.2320734425074561;190.3955443083305;-456.7347382982166;-4292.270057547163;0.0;0.0;
981017;Bond;France;XS2234516164;SPCM SA (EUR 2.625, 1-Feb-2029);XS2234516164;3000000.0;2696098.173638825;0.6687689135838532;3.563060807687662;3.6304243747552434;2926.339353314164;-1019.0337961285536;-1019.0337961285536;0.0;0.0;
981017;Bond;France;XS2491664137;EUROFINS SCIENTIFIC (EUR 4.000, 6-Jul-2029);XS2491664137;-1000000.0;-1020394.421586695;-0.2436413145846501;3.623035337986161;3.76475315507596;-1830.9742985644157;384.75735711684274;384.75735711684274;0.0;0.0;
981017;Bond;Germany;DE000A4DE9Y3;DEUTSCHE BANK AG (EUR 3.375, 13-Feb-2031);DE000A4DE9Y3;3900000.0;3755364.13660836;0.9035994519279876;4.38287226692791;4.55572566536244;9429.663352569949;-1763.3726085838507;-1763.3726085838507;0.0;0.0;
981017;Bond;Germany;DE000NRW0N26;LAND NORDRHEIN-WESTFALEN (EUR 3.400, 7-Mar-2073);DE000NRW0N26;1600000.0;1371525.144946374;0.352682917354264;22.024524791175285;23.547268523168032;119728.1793512212;-3474.096033874912;-3474.096033874912;0.0;0.0;
981017;Bond;Germany;XS2187689034;VOLKSWAGEN AG (EUR 3.500, Perpetual);XS2187689034;17800000.0;18221971.69542411;4.260096485623659;0.2037382834523784;0.2136986303568917;432.1999322877584;-389.9009667856541;-389.9009667856541;0.0;0.0;
981017;Bond;Germany;XS2189784288;COMMERZBANK AG (EUR 6.125, Perpetual);XS2189784288;8000000.0;8475442.337455586;1.9908036639086883;0.4724306183315528;0.497248730146765;586.3370056164852;-423.9709830437285;-423.9709830437285;0.0;0.0;
981017;Bond;Germany;XS2618867159;CHEPLAPHARM ARZNEIMITTEL GMBH (EUR 7.500, 15-May-2030);XS2618867159;-1000000.0;-927282.5475082743;-0.2222478954449417;3.9928306995386924;4.183495892183175;-1624.751703250062;378.03773064193456;378.03773064193456;0.0;0.0;
981017;Bond;Germany;XS2919680236;EUROGRID GMBH (EUR 3.732, 18-Oct-2035);XS2919680236;5000000.0;4715302.553700961;1.1605680921406007;8.275574904035562;8.648906197851053;42707.20855674758;-4253.993968066391;-4253.993968066391;0.0;0.0;
981017;Bond;Greece;XS2987792269;EUROBANK ERGASIAS SA (EUR 4.250, 30-Apr-2035);XS2987792269;6000000.0;5653402.3849647585;1.3942617738967824;4.228812952071501;4.4335789781846895;13754.94919394662;-2650.1285306208706;-2650.1285306208706;0.0;0.0;
981017;Bond;Ireland;XS2010031057;ALLIED IRISH BANKS PLC (EUR 6.250, Perpetual);XS2010031057;10087000.0;10266717.155776272;2.403806388133463;0.2253777986967556;0.230769230853327;166.00438161207265;-236.92944929701935;-236.92944929701935;0.0;0.0;
981017;Bond;Ireland;XS2641927574;IRISH LIFE & PERMANENT (EUR 6.625, 30-Jun-2029);XS2641927574;4000000.0;4497142.396641343;1.0702986592085428;2.8077398726862266;2.9129168524856754;5173.825385895791;-1335.217080117574;-1335.217080117574;0.0;0.0;
981017;Bond;Italy;XS1739839998;UNICREDIT SPA (EUR 5.375, Perpetual);XS1739839998;10000000.0;10149743.302810196;2.3748527460724675;0.17090499836454012;0.1758241758787268;114.47003345212138;-178.34335571280187;-178.34335571280187;0.0;0.0;
981017;Bond;Italy;XS2110110686;BANCA MONTE DEI PASCHI DI SIENA SPA (EUR 2.625, 28-Apr-2025);XS2110110686;10650000.0;10893097.273279598;2.544689804299328;0.07374308583953373;0.0767123288327277;83.5872304705274;-83.60517399136796;-83.60517399136796;0.0;0.0;
981017;Bond;Italy;XS2244936659;INFRASTRUTTURE WIRELESS ITALIANE SPA (EUR 1.625, 21-Oct-2028);XS2244936659;3000000.0;2729006.560793294;0.6744858215312464;3.4117760272541355;3.453532321582059;-3364.0184818778303;-967.9809931434106;-967.9809931434106;0.0;0.0;
981017;Bond;Italy;XS2278566299;AUTOSTRADE PER L' ITALIA SPA (EUR 2.000, 15-Jan-2030);XS2278566299;750000.0;686036.0357803452;0.1645520498747939;4.418467027087677;4.584713015001348;1722.3543040767074;-311.9359333468576;-311.9359333468576;0.0;0.0;
981017;Bond;Italy;XS2977890313;IREN SPA (EUR 4.500, Perpetual);XS2977890313;4400000.0;4097591.5287982277;1.0315445126537577;4.188650641175753;4.394650686235649;10026.141304742008;-1941.58591928015;-1941.58591928015;0.0;0.0;
981017;Bond;Japan;XS1684385161;SOFTBANK GROUP CORP (EUR 3.125, 19-Sep-2025);XS1684385161;5600000.0;5530877.41583745;1.3012829548899916;0.4588410188961624;0.4694444447118195;242.90212406696827;-256.5200387216592;-256.5200387216592;0.0;0.0;
981017;Bond;Luxembourg;FR0129084481;NEUCP ARCMIT 20250228 20250530 2.665;FR0129084481;10000000.0;9947684.391192261;2.324970336437333;0.16206619663761915;0.1666666668339446;183.97243728426196;-163.68502179451946;-163.68502179451946;0.0;0.0;
981017;Bond;Netherlands;XS2131567138;ABN AMRO BANK NV (EUR 4.375, Perpetual);XS2131567138;10000000.0;9940675.839409802;2.3344720023988685;0.46419028681224855;0.4755434785343753;443.0289024524666;-479.36574039589834;-479.36574039589834;0.0;0.0;
981017;Bond;Netherlands;XS2182055009;ELM B.V. (EUR 3.750, Perpetual);XS2182055009;6235000.0;6350877.517374357;1.4869925183031307;0.4110683605086674;0.4273972608489313;361.1430502977993;-272.1909339124031;-272.1909339124031;0.0;0.0;
981017;Bond;Netherlands;XS3003295519;KONINKLIJKE KPN NV (EUR 3.375, 17-Feb-2035);XS3003295519;5900000.0;5428989.463311577;1.3340321062525642;8.070201297101887;8.413752106247971;45621.13060737734;-4741.225839784203;-4741.225839784203;0.0;0.0;
981017;Bond;Netherlands;XS3037682112;AKZO NOBEL NV (EUR 4.000, 31-Mar-2035);XS3037682112;12800000.0;12154407.597533472;2.9854942215462;7.976884748202128;8.333857623135737;100776.93592846049;-10533.740041108877;-10533.740041108877;0.0;0.0;
981017;Bond;Not Classified;TRS100000144;TRS CHEPDE 7 1/2 05/15/30 20/04/2025 BNP;TRS100000144;942541.67;945145.115133993;0.2209009000471645;0.059458836576349185;0.0611111111641795;5.836124073555412;-5.702436267561394;-5.702436267561394;0.0;0.0;BNP PARIBAS
981017;Bond;Not Classified;TRS100000147;TRS ERFFP 4 07/06/29 06/06/2025 BNP;TRS100000147;975175.96;974272.7122206572;0.2280718835314977;0.006355001606767801;0.0064308278575236;-2.968332278672392;-0.613325007613211;-17.930269854632396;0.0;0.0;BNP PARIBAS
981017;Bond;Not Classified;TRS100000148;TRS VFC 4 1/4 03/07/29 20/06/2025 BNP;TRS100000148;5000691.8;4988177.391146129;1.1683359951377683;0.007107029533636559;0.0071618874166684;-22.492144440761308;-3.499931676754103;-111.04347645685004;0.0;0.0;BNP PARIBAS
981017;Bond;Spain;ES0813211028;BANCO BILBAO VIZCAYA ARGENTARIA SA (EUR 6.000, Perpetual);ES0813211028;6000000.0;6100706.161854257;1.4377800091094362;0.7613998354671467;0.7699333533009205;480.90219806339314;-475.78198454786383;-475.78198454786383;0.0;0.0;
981017;Bond;Spain;XS1808351214;CAIXABANK (EUR 2.250, 17-Apr-2030);XS1808351214;3000000.0;3060934.4388560713;0.7150949089165572;0.044909582362037154;0.0465753425042117;13.9473166349546;-14.26437939575906;-14.26437939575906;0.0;0.0;
981017;Bond;Spain;XS3004055177;BANCO DE SABADELL SA (EUR 3.375, 18-Feb-2033);XS3004055177;6300000.0;5879413.793688899;1.4305906197104823;5.971832247958121;6.225696627792357;26942.786536082687;-3809.155545885264;-3809.155545885264;0.0;0.0;
981017;Bond;Sweden;XS2076169668;SKANDINAVISKA ENSKILDA BANKEN AB (USD 5.125, Perpetual);XS2076169668;14071468.246620996;14314611.35686744;3.345508797786274;0.1158214218129167;0.11944444447666;99.8013562594096;-168.79940281085396;-168.79940281085396;143283.21401386437;0.0;
981017;Bond;Switzerland;CH1142231682;UBS AG (EUR 0.250, 3-Nov-2026);CH1142231682;5000000.0;4913258.122569961;1.1516432699835295;0.5772038252560797;0.5945205489162556;442.8826749658864;-293.23646931434524;-293.23646931434524;0.0;0.0;
981017;Bond;Switzerland;CH1174335732;UBS AG (EUR 2.125, 13-Oct-2026);CH1174335732;20000000.0;20051547.537473388;4.698219203809361;0.5209661628866971;0.5369863021949394;1570.7484201986292;-1080.512066045536;-1080.512066045536;0.0;0.0;
981017;Bond;Switzerland;XS3025207807;SWISS RE LTD (EUR 3.890, 26-Mar-2033);XS3025207807;1625000.0;1500317.819574219;0.3777250903554684;5.7965409277198265;6.04752674119393;6742.8716038625225;-978.5258756947976;-978.5258756947976;0.0;0.0;
981017;Bond;United Kingdom;XS2119468572;BRITISH TELECOM PLC (EUR 1.874, 18-Aug-2080);XS2119468572;12000000.0;11985488.178173492;2.8163062077292547;0.3694721617205454;0.3835616443264306;596.8141447697269;-462.64532932925886;-462.64532932925886;0.0;0.0;
981017;Bond;United Kingdom;XS2322423539;BRITISH AIRWAYS (EUR 3.750, 25-Mar-2029);XS2322423539;1000000.0;995815.7995585673;0.2375861391096041;3.51051990990826;3.6344867906626113;1646.4716004409484;-362.1773132946757;-362.1773132946757;0.0;0.0;
981017;Bond;United Kingdom;XS2597110027;STELLANTIS NV (EUR 4.375, 14-Mar-2030);XS2597110027;5000000.0;5019436.735797943;1.2033891221988553;4.250938869959896;4.4208126874472295;11943.47832613942;-2241.693672781096;-2241.693672781096;0.0;0.0;
981017;Bond;United Kingdom;XS3011736108;UNITED UTILITIES WATER PLC (EUR 3.500, 27-Feb-2033);XS3011736108;3500000.0;3289747.0769368093;0.8008913597931357;6.639399031040378;6.919155486185748;18587.186136464014;-2339.210818179095;-2339.210818179095;0.0;0.0;
981017;Bond;United States;US91282CCM10;UNITED STATES OF AMERICA (USD 0.125, 15-Jul-2031);US91282CCM10;833179.0409183484;901785.4423246962;0.211640842030133;6.265121404476669;6.392134141652777;3570.1060084144915;-567.9022833821672;-567.9022833821672;9064.265525992287;560.1404578313602;
981017;Bond;United States;XS2229875989;FORD MOTOR CREDIT CO (EUR 3.250, 15-Sep-2025);XS2229875989;15000000.0;15162979.634011252;3.567485854338959;0.4458338497356161;0.4602739732538085;968.2119439467475;-703.2533593520906;-703.2533593520906;0.0;0.0;
981017;Bond;United States;XS2592659671;VF CORPORATION (EUR 4.250, 7-Mar-2029);XS2592659671;-5000000.0;-4673534.966730472;-1.1576449028763378;3.4415158591129167;3.607993444643532;-7758.125557613763;1724.167490965179;1724.167490965179;0.0;0.0;
981017;Bond;United States;XS3032018239;AMERICAN HONDA FINANCE CORP (EUR 3.300, 21-Mar-2029);XS3032018239;8600000.0;8463878.256632144;2.022172122346619;3.660800187119024;3.785634845586423;15080.904514164324;-3279.78476391462;-3279.78476391462;0.0;0.0;
981017;Bond;United States;XS3037678862;AT&T INC (EUR 4.050, 1-Jun-2037);XS3037678862;3700000.0;3471413.012847544;0.8602385499799025;9.302118475198176;9.736586357345702;39972.91866426774;-3547.6997859273174;-3547.6997859273174;0.0;0.0;
981017;Bond Future;Germany;Not Classified;Euro-Bobl (Jun 25);OEM25 Cmdty;-14200000.0;323021.69519652106;0.0;inf;;-45876.70019616516;8075.542379913026;8075.542379913026;0.0;0.0;
981017;Bond Future;Germany;Not Classified;Euro-Bund (Jun 25);RXM25 Cmdty;-38500000.0;1615275.5254679152;0.0;inf;;-367657.40996540553;40381.88813669788;40381.88813669788;0.0;0.0;
981017;Bond Future;Germany;Not Classified;Euro-Schatz (Jun 25);DUM25 Cmdty;-8600000.0;70922.05722497823;0.0;inf;;-4996.746683145204;1773.0514306244556;1773.0514306244556;0.0;0.0;
981017;Bond Future;Italy;Not Classified;Euro-BTP-Italy-10yr (Jun 25);IKM25 Cmdty;1600000.0;-85330.9608777343;0.0;-inf;;12231.366461060185;-1422.1826812955717;-1422.1826812955717;0.0;0.0;
981017;CDS Index;Europe;Not Classified;ITRAXX.EUROPE CROSSOVER.S43.V1 5Y;2I667K.S43.5Y;-3150000.0;-24187.93881453824;-0.0558284599602796;2.516336896630835;;0.0;59.79307931192197;1524.4450350898276;0.0;0.0;
981017;CDS Index;Europe;Not Classified;ITRAXX.EUROPE SENIOR FINANCIALS.S43.V1 5Y;2I667D.S43.5Y;149000000.0;-746075.4246430695;0.5272070550860908;2.628519482795899;;0.0;-589.65692061555;-74732.1040788703;0.0;0.0;
981017;CDS Index;Europe;Not Classified;ITRAXX.EUROPE SUB FINANCIALS.S43.V1 5Y;2I667E.S43.5Y;-28000000.0;1563443.131453559;0.0642353895926846;2.734593838138342;;0.0;-74.72420041740315;13581.058152044863;0.0;0.0;
981017;CDS Index;Europe;Not Classified;ITRAXX.EUROPE.S43.V1 5Y;2I666V.S43.5Y;-110750000.0;-23677.88710528449;-0.4605712182420665;2.6376572242590703;;0.0;516.9069934683521;55313.08930182328;0.0;0.0;
981017;Cash;Not Classified;Not Classified;AUD;CSH_AUD_DB;49783.91616089612;49783.91616089612;0.0116240084821391;0.0;0.0;0.0;0.0;0.0;497.8391616089612;0.0;
981017;Cash;Not Classified;Not Classified;CAD;CSH_CAD_DB;41586.38395729379;41586.38395729379;0.0097099729619257;0.0;0.0;0.0;0.0;0.0;415.8638395729378;0.0;
981017;Cash;Not Classified;Not Classified;CHF;CSH_CHF_DB;10846.232728557638;10846.232728557638;0.0025324785785944;0.0;0.0;0.0;0.0;0.0;108.46232728557638;0.0;
981017;Cash;Not Classified;Not Classified;CNH;CSH_CNH_DB;6131.519711583424;6131.519711583424;0.0014316438446807;0.0;0.0;0.0;0.0;0.0;61.315197115834245;0.0;
981017;Cash;Not Classified;Not Classified;EUR;CSH_EUR_DB;-1603696.669999999;-1603696.669999999;-0.3744459080842785;0.0;0.0;0.0;0.0;0.0;0.0;0.0;
981017;Cash;Not Classified;Not Classified;GBP;CSH_GBP_DB;-246936.05672560635;-246874.32271142496;-0.0576569108916155;0.0;0.0;0.0;0.0;0.0;-2469.3605672560634;0.0;
981017;Cash;Not Classified;Not Classified;HUF;CSH_HUF_DB;2492.8019295642366;2492.8019295642366;0.0005820424146605;0.0;0.0;0.0;0.0;0.0;24.92801929564237;0.0;
981017;Cash;Not Classified;Not Classified;JPY;CSH_JPY_DB;11647.81649592231;11644.90454179833;0.0027196397589418;0.0;0.0;0.0;0.0;0.0;116.47816495922312;0.0;
981017;Cash;Not Classified;Not Classified;MXN;CSH_MXN_DB;9045.03484663073;9045.03484663073;0.0021119182636954;0.0;0.0;0.0;0.0;0.0;90.4503484663073;0.0;
981017;Cash;Not Classified;Not Classified;NOK;CSH_NOK_DB;9805.15983450292;9805.15983450292;0.0022893992653498;0.0;0.0;0.0;0.0;0.0;98.05159834502922;0.0;
981017;Cash;Not Classified;Not Classified;NZD;CSH_NZD_DB;4419.165819292723;4419.165819292723;0.0010318276449249;0.0;0.0;0.0;0.0;0.0;44.19165819292724;0.0;
981017;Cash;Not Classified;Not Classified;PLN;CSH_PLN_DB;109.9470720519637;109.9470720519637;2.5671457705094056e-05;0.0;0.0;0.0;0.0;0.0;1.099470720519637;0.0;
981017;Cash;Not Classified;Not Classified;SEK;CSH_SEK_DB;2171.114586858888;2171.114586858888;0.0005069318832166;0.0;0.0;0.0;0.0;0.0;21.71114586858888;0.0;
981017;Cash;Not Classified;Not Classified;USD;CSH_USD_DB;468515.0620255508;468397.93326004443;0.1093932232529481;0.0;0.0;0.0;0.0;0.0;4685.150620255507;0.0;
981017;Credit Default Swap;France;Not Classified;CDS ELOAA 20/12/2029 AP DEUT_BK_DE;CDSB100003202;-8000000.0;507609.1793251648;0.0182378783319252;2.5142788357971444;;0.0;-19.517151504278026;3071.3354398625997;0.0;0.0;DEUTSCHE BANK AKTIENGESELLSCHAFT
981017;Credit Default Swap;France;Not Classified;CDS RENAUL 20/06/2026 AP CITIBANK_IE;CDSB100002643;-6000000.0;-244194.5236091226;-0.0821803281024617;0.7205310216400179;;0.0;25.31474118623589;765.2774878822712;0.0;0.0;CITIBANK EUROPE PUBLIC LIMITED COMPANY
981017;Currency Forward;Not Classified;Not Classified;FXW1023898 BNP_PARIBAS_FR EUR/USD 20250414;FXW1023898;-1573782.6328457692;-1570742.4719162006;-0.3668431683873829;0.0383561636461045;0.0383561636461045;-0.2311610327160653;6.026272097894935;0.0;-15711.35255730133;0.0;BNP PARIBAS
981017;Currency Forward;Not Classified;Not Classified;FXW1023898 BNP_PARIBAS_FR EUR/USD 20250414;FXW1023898;1563993.268;-1570742.4719162006;0.3648249638009459;0.0383561636461045;0.0383561636932365;0.2298967849849058;-5.993118291763008;0.0;0.0;0.0;BNP PARIBAS
981017;Currency Forward;Not Classified;Not Classified;FXW1023970 MORGAN_STAN_DE EUR/USD 20250414;FXW1023970;925754.489909276;923966.1599507063;0.2157900990514017;0.0383561636461045;0.0383561636461045;0.1359770780682737;-3.5448659399381968;0.0;9241.972092530195;0.0;MORGAN STANLEY EUROPE SE
981017;Currency Forward;Not Classified;Not Classified;FXW1023970 MORGAN_STAN_DE EUR/USD 20250414;FXW1023970;-918314.037;923966.1599507063;-0.2142105673733792;0.0383561636461045;0.0383561636932364;-0.134986159488258;3.5189183772928048;0.0;0.0;0.0;MORGAN STANLEY EUROPE SE
981017;Currency Forward;Not Classified;Not Classified;FXW1023996 MORGAN_STAN_DE EUR/USD 20250414;FXW1023996;-19440844.2880948;-19403289.35896483;-4.531592080079436;0.0383561636461045;0.0383561636461045;-2.855518639433749;74.44218473870214;0.0;-194081.4139431341;0.0;MORGAN STANLEY EUROPE SE
981017;Currency Forward;Not Classified;Not Classified;FXW1023996 MORGAN_STAN_DE EUR/USD 20250414;FXW1023996;19233101.139;-19403289.35896483;4.486410248931843;0.0383561636461045;0.0383561636932364;2.8271401211335845;-73.69996572355376;0.0;0.0;0.0;MORGAN STANLEY EUROPE SE
981017;Currency Forward;Not Classified;Not Classified;FXW1023998 NATIXIS_FR EUR/USD 20250929;FXW1023998;-19255693.380855396;-18851578.59659728;-4.402741343743627;0.498630038178138;0.498630038178138;-468.82737145082007;940.2313933822928;0.0;-188562.9266976472;0.0;NATIXIS
981017;Currency Forward;Not Classified;Not Classified;FXW1023998 NATIXIS_FR EUR/USD 20250929;FXW1023998;18870492.150927648;-18851578.59659728;4.358560041225969;0.498630038178138;0.4986300369706317;464.1227432896728;-930.7962132732684;0.0;0.0;0.0;NATIXIS
981017;Currency Forward;Not Classified;Not Classified;FXW1023999 MORGAN_STAN_DE EUR/USD 20250414;FXW1023999;19440844.2880948;19403289.35896483;4.531592080079436;0.0383561636461045;0.0383561636461045;2.855518639433749;-74.44218473870214;0.0;194081.4139431341;0.0;MORGAN STANLEY EUROPE SE
981017;Currency Forward;Not Classified;Not Classified;FXW1023999 MORGAN_STAN_DE EUR/USD 20250414;FXW1023999;-19213350.513;19403289.35896483;-4.481803118221677;0.0383561636461045;0.0383561636932364;-2.8242369082414696;73.62428263694704;0.0;0.0;0.0;MORGAN STANLEY EUROPE SE
981017;Currency Forward;Not Classified;Not Classified;FXW1024000 MORGAN_STAN_DE EUR/USD 20250513;FXW1024000;-14432049.620440658;-14354321.888173098;-3.3524177359805365;0.1178082152994508;0.1178082152994508;-19.92674455157205;169.14799134578806;0.0;-143579.11366014602;0.0;MORGAN STANLEY EUROPE SE
981017;Currency Forward;Not Classified;Not Classified;FXW1024000 MORGAN_STAN_DE EUR/USD 20250513;FXW1024000;14234056.2839595;-14354321.888173098;3.314132682927297;0.1178082152994508;0.1178082153859246;19.699988252613355;-167.2162990803696;0.0;0.0;0.0;MORGAN STANLEY EUROPE SE
981017;Equity Index Future;Europe;Not Classified;EURO STOXX 50 (Jun 25);VGM25 Index;-9340200.0;0.0;0.0;0.0;;0.0;0.0;0.0;0.0;0.0;
981017;Fund Unit;Not Classified;FR0012599645;GROUPAMA ULTRA SHORT TERM - IC;FR0012599645;20231657.29336812;39653812.87578008;9.281812709878537;0.22891373408708862;0.2799433087460227;3036.647616800504;-1002.74681417029;-2107.2890818766855;1.6331716097894492e-08;0.0;
981017;Index Linked Swap;Not Classified;Not Classified;INF EUR PAY EU-HICP 0.0219 15/03/2034;INFS10000297;-5308160.0;1417.7016427515482;0.0222473851669866;9.166025475602453;;-13.73585216099162;-85.38858009522869;0.0;0.0;-4586.492878888086;JP MORGAN SE
981017;Index Linked Swap;Not Classified;Not Classified;INF EUR PAY EU-HICP 0.02214 15/03/2034;INFS10000325;-11000000.0;22273.336056899687;0.0507209230720834;9.166386484449777;;-34.452701193080216;-194.67400639385613;0.0;0.0;-9504.502815998188;CITIBANK EUROPE PUBLIC LIMITED COMPANY
981017;Index Linked Swap;Not Classified;Not Classified;INF EUR PAY EU-HICP 0.024 15/05/2044;INFS10000344;-13800000.0;94878.81780217082;0.1411637840169015;20.092658013535253;;-970.0206906229864;-1156.9909872139915;0.0;0.0;-24039.00508117867;CITIBANK EUROPE PUBLIC LIMITED COMPANY
981017;Index Linked Swap;Not Classified;Not Classified;INF EUR PAY EU-HICP 0.02404 15/05/2044;INFS10000342;-13800000.0;104734.17940250854;0.1435805278376111;20.093344721211423;;-1003.518784012045;-1176.7988355119064;0.0;0.0;-24039.00508117867;JP MORGAN SE
981017;Index Linked Swap;Not Classified;Not Classified;INF EUR PAY EU-HICP 0.0246 15/03/2054;INFS10000299;-4952420.0;6926.155164081487;0.0688583122819491;31.19925698652699;;-1474.4125371634475;-854.511850621083;0.0;0.0;-13331.052876547878;JP MORGAN SE
981017;Index Linked Swap;Not Classified;Not Classified;INF EUR PAY EU-HICP 0.02501 20/03/2054;INFS10000327;-9000000.0;107550.83364172082;0.1490404363413943;31.223133509063416;;-3800.9263402487495;-1849.5489484839477;0.0;0.0;-24226.433922997425;CITIBANK EUROPE PUBLIC LIMITED COMPANY
981017;Index Linked Swap;Not Classified;Not Classified;INF EUR REC EU-HICP 0.0235 15/03/2044;INFS10000298;10705420.0;6426.317311886756;-0.0893822847721956;19.901672148174544;;492.5995261857834;726.1875266083376;0.0;0.0;18554.139459359;JP MORGAN SE
981017;Index Linked Swap;Not Classified;Not Classified;INF EUR REC EU-HICP 0.02388 15/03/2044;INFS10000328;20000000.0;-112970.29250528547;-0.1976184364434155;19.907573695365315;;1288.9014686594946;1605.553538252046;0.0;0.0;34663.07619758777;CITIBANK EUROPE PUBLIC LIMITED COMPANY
981017;Index Linked Swap;Not Classified;Not Classified;INF EUR REC EU-HICP 0.02414 15/05/2044;INFS10000354;13570000.0;-121476.53736650042;-0.1457211512546366;20.09465476800806;;1051.1842399721716;1194.3435763090276;0.0;0.0;23638.35499649236;GOLDMAN SACHS INTERNATIONAL  PARIS BRANCH
981017;Index Linked Swap;Not Classified;Not Classified;INF EUR REC EU-HICP 0.02417 15/05/2044;INFS10000352;4370000.0;-43058.58520903753;-0.0478930822751939;20.095521501204484;;352.5962104641436;392.5359817193847;0.0;0.0;7612.351609039911;CREDIT AGRICOLE CORPORATE AND INVESTMENT BANK
981017;Index Linked Swap;Not Classified;Not Classified;INF EUR REC EU-HICP 0.02422 15/05/2044;INFS10000351;9660000.0;-103831.81477757113;-0.1079900035858173;20.096382497517578;;810.967567522057;885.0957186231145;0.0;0.0;16827.30355682507;GOLDMAN SACHS INTERNATIONAL  PARIS BRANCH
981017;Swap;Not Classified;Not Classified;IRS PAY EUR 2.1989%/REC EURIBOR6M 07/03/2073;IRSB100007718;-1420000.0;-1224656.9925840702;-0.3088355910494792;28.901478019147508;30.37404638402688;-155799.7471694394;3921.6141473085568;0.0;0.0;0.0;JP MORGAN SE
981017;Swap;Not Classified;Not Classified;IRS PAY USD 1.4435%/REC USDLIBO3M 24/06/2031;IRSB100002012;-786891.3164228846;-687410.7521639974;-0.1617441643088307;5.937385742033787;6.0480449007141805;-2524.372783836865;411.399817610538;0.0;-6927.264314920021;0.0;BNP PARIBAS
981017;Swap;Not Classified;Not Classified;IRS REC EUR OIS/3.3632% 24/06/2025;IRSB100008428;-4100000.0;-4210859.315040643;-0.9837630574013962;0.23287669456909038;0.2383036342088873;-22.849698207848853;98.11822410336816;0.0;0.0;0.0;NATIXIS
981017;Swap;Not Classified;Not Classified;IRS REC EUR OIS/3.3707% 24/06/2025;IRSB100008421;-5000000.0;-5140215.654868051;-1.2008841640163883;0.2328766973146884;0.2383036340219573;-27.89213096988599;119.7733748469498;0.0;0.0;0.0;BNP PARIBAS
981017;Swap;Not Classified;Not Classified;IRS REC EUR OIS/3.4307% 23/04/2025;IRSB100008429;-6000000.0;-6157082.383710927;-1.4378389623016508;0.0630136958570644;0.0645708947917261;-2.445376560876876;38.80416511073524;0.0;0.0;0.0;CITIBANK EUROPE PUBLIC LIMITED COMPANY
