Portfolio,d1_id,TV,Duration_t,DollarRateConvexity1pc,TotalEffect,Counterparty,ISIN,AssetClass,TV_day,shock_rates_dec,Duration_next,AssetType,Sector1,Seniority,CompositeBroadRating,MaturityDate,Maturity,Maturity Band,EffectiveMaturityDate,LiquidityScore,Country,{Class_Rating},TV_change
900200,2I666V.S43.5Y,-3946007.920694463,2.6204898071851663,0.0,3898641.456692876,,,CDS Index,-47366.46400158713,0.0025,2.6204898071851663,CDS Index,Corporates,,BBB,2030-06-20 00:00:00,5.2246575342465755,5-10,,,Europe,IG,-3898641.456692876
900200,2I667D.S43.5Y,2165131.740457643,2.6114700433279023,0.0,-2880537.957208506,,,CDS Index,-715406.216750863,0.0025,2.6114700433279023,CDS Index,Financials,,BBB,2030-06-20 00:00:00,5.2246575342465755,5-10,,,Europe,IG,2880537.957208506
900200,2I667E.S43.5Y,240721.8730172655,2.7161501589237877,0.0,1127290.8670045985,,,CDS Index,1368012.740021864,0.0025,2.7161501589237877,CDS Index,Financials,,BBB,2030-06-20 00:00:00,5.2246575342465755,5-10,,,Europe,IG,-1127290.8670045985
900200,2I667K.S43.5Y,-1096847.0703994385,2.5007031065629013,0.0,985889.7002819533,,,CDS Index,-110957.37011748517,0.0025,2.5007031065629013,CDS Index,Corporates,,B,2030-06-20 00:00:00,5.2246575342465755,5-10,,,Europe,HY,-985889.7002819533
900200,BE0390201672,6850213.424657532,8.134215073525286,5374.808575452634,-342158.4436121107,,BE0390201672,Bond,6508054.981045421,0.0025,8.268585287911602,Bond,Corporates,Senior,A,2035-03-12 00:00:00,9.953424657534246,5-10,2034-12-12,4.0,Belgium,IG,342158.4436121108
900200,BE6362152199,3946842.7480315054,4.95433606859128,12143.7932385601,-130179.29205201732,,BE6362152199,Bond,3816663.455979488,0.0025,5.257930899555283,Bond,Financials,Senior,BBB,2031-01-29 00:00:00,5.835616438356165,5-10,2030-10-29,5.0,Belgium,IG,130179.29205201752
900200,BTSM25 Cmdty,0.0,0.0,-2785.0318698967044,61799.71817955386,,,Bond Future,61799.71817955386,0.0025,-0.06962579674741762,Bond Future,Sovereigns,,BBB,2025-06-06 00:00:00,0.18356164383561643,0-1,2027-07-15,,Italy,IG,-61799.71817955386
900200,CDSB100001026,416065.98142907495,0.9670801731875956,0.0,-128853.16108134476,MSESE,,Credit Default Swap,287212.8203477302,0.0025,0.9670801731875956,CDS,Corporates,Senior,N/R,2026-12-20 00:00:00,1.7232876712328766,1-5,,,Denmark,NR,128853.16108134476
900200,CDSB100001110,-395966.25029391696,1.2102235178698135,0.0,172474.8850168727,JPMSE,,Credit Default Swap,-223491.36527704427,0.0025,1.2102235178698135,CDS,Corporates,Senior,BBB,2027-06-20 00:00:00,2.221917808219178,1-5,,,Spain,IG,-172474.8850168727
900200,CDSB100001112,198988.32829989243,1.2029920684948183,0.0,-116503.84365862317,JPMSE,,Credit Default Swap,82484.48464126926,0.0025,1.2029920684948183,CDS,Corporates,Senior,BBB,2027-06-20 00:00:00,2.221917808219178,1-5,,,France,IG,116503.84365862317
900200,CDSB100001503,22381.10667285836,1.3342738971158985,0.0,-92696.39233739932,JPMSE,,Credit Default Swap,-70315.28566454095,0.0025,1.3342738971158985,CDS,Corporates,Senior,BBB,2027-12-20 00:00:00,2.723287671232877,1-5,,,United Kingdom,IG,92696.3923373993
900200,CDSB100001504,-351629.43467395974,1.4496760514865716,0.0,199680.56323187953,JPMSE,,Credit Default Swap,-151948.8714420802,0.0025,1.4496760514865716,CDS,Corporates,Senior,A,2027-12-20 00:00:00,2.723287671232877,1-5,,,Germany,IG,-199680.56323187953
900200,CDSB100001670,-2045419.6497582505,1.6984748933576204,0.0,492953.73363045306,GSOH,,Credit Default Swap,-1552465.9161277974,0.0025,1.6984748933576204,CDS,Financials,Subordinated,BB,2028-06-20 00:00:00,3.2246575342465755,1-5,,,Italy,HY,-492953.733630453
900200,CDSB100001671,322498.06401685503,1.6726651267796753,0.0,-125872.60622535847,BNPP,,Credit Default Swap,196625.45779149656,0.00125,1.6726651267796753,CDS,Financials,Senior,A,2028-06-20 00:00:00,3.2246575342465755,1-5,,,United States,IG,125872.60622535847
900200,CDSB100001684,440462.0428599146,1.7002470826601994,0.0,-198555.61679396263,MSESE,,Credit Default Swap,241906.42606595196,0.0025,1.7002470826601994,CDS,Corporates,Senior,BBB,2028-06-20 00:00:00,3.2246575342465755,1-5,,,France,IG,198555.61679396263
900200,CDSB100001686,-281430.1818450265,1.6976162766417664,0.0,141187.02731239135,MSESE,,Credit Default Swap,-140243.15453263515,0.0025,1.6976162766417664,CDS,Corporates,Senior,BBB,2028-06-20 00:00:00,3.2246575342465755,1-5,,,Netherlands,IG,-141187.02731239135
900200,CDSB100001740,-368922.2761990109,1.6947157544202087,0.0,202481.28502416486,MSESE,,Credit Default Swap,-166440.99117484604,0.0025,1.6947157544202087,CDS,Corporates,Senior,BBB,2028-06-20 00:00:00,3.2246575342465755,1-5,,,United Kingdom,IG,-202481.28502416486
900200,CDSB100001742,364157.04982637666,1.690580690113751,0.0,-223854.6172683164,MSESE,,Credit Default Swap,140302.43255806027,0.0025,1.690580690113751,CDS,Corporates,Senior,BBB,2028-06-20 00:00:00,3.2246575342465755,1-5,,,Spain,IG,223854.6172683164
900200,CDSB100001851,-389970.17401761207,1.6909946656174992,0.0,240754.10493996768,SGCIB,,Credit Default Swap,-149216.06907764438,0.0025,1.6909946656174992,CDS,Corporates,Senior,A,2028-06-20 00:00:00,3.2246575342465755,1-5,,,Germany,IG,-240754.10493996768
900200,CDSB100001853,150350.92480843642,1.6694221988789213,0.0,-165431.1421330221,SGCIB,,Credit Default Swap,-15080.217324585683,0.0025,1.6694221988789213,CDS,Corporates,Senior,BBB,2028-06-20 00:00:00,3.2246575342465755,1-5,,,Germany,IG,165431.1421330221
900200,CH1142231682,34526229.45152775,0.5786116463224997,3100.1787247612046,-133422.5935380271,,CH1142231682,Bond,34392806.85798973,0.0025,0.6561161144415298,Bond,Financials,Senior,A,2026-11-03 00:00:00,1.5945205479452054,1-5,2025-11-03,6.0,Switzerland,IG,133422.59353802353
900200,CH1174335732,40243561.643532686,0.5222358895181864,3141.4968403972584,-140466.56858591968,,CH1174335732,Bond,40103095.07494677,0.0025,0.6007733105281179,Bond,Financials,Senior,A,2026-10-13 00:00:00,1.536986301369863,1-5,2025-10-13,8.0,Switzerland,IG,140466.56858591735
900200,CSH_CAD_DB,0.1415084160361582,0.0,0.0,0.0,,,Cash,0.1415084160361582,0.0,0.0,Cash,Interest rates,,N/R,,,,,,,NR,0.0
900200,CSH_CHF_DB,23.239341306453824,0.0,0.0,0.0,,,Cash,23.239341306453824,0.0,0.0,Cash,Interest rates,,N/R,,,,,,,NR,0.0
900200,CSH_EUR_DB,18303574.630000003,0.0,0.0,0.0,,,Cash,18303574.630000003,0.0,0.0,Cash,Interest rates,,N/R,,,,,,,NR,0.0
900200,CSH_GBP_DB,6986.8624907424555,0.0,0.0,-1.7467156226856138,,,Cash,6985.11577511977,0.0,0.0,Cash,Interest rates,,N/R,,,,,,,NR,1.7467156226857696
900200,CSH_USD_DB,380599.0742455101,0.0,0.0,-95.14976856137753,,,Cash,380503.92447694874,0.0,0.0,Cash,Interest rates,,N/R,,,,,,,NR,95.14976856135763
900200,DE000A289RN6,22564224.65769437,0.0185988468878315,41.47979293407939,-2596.431330474421,,DE000A289RN6,Bond,22561628.226363894,0.0025,0.019635841711183485,Bond,Corporates,Senior,A,2025-04-07 00:00:00,0.019178082191780823,0-1,2025-04-07,7.0,Germany,IG,2596.431330475956
900200,DE000A3LKBD0,10008200.4,0.0629578993772984,6.369009319939778,-33519.63374921414,,DE000A3LKBD0,Bond,9974680.766250785,0.0025,0.06311712461029689,Bond,Financials,Senior,BBB,2026-01-21 00:00:00,0.810958904109589,0-1,2026-01-21,5.0,Luxembourg,IG,33519.63374921493
900200,DE000A4DE9Y3,4663826.095892733,4.395486904036344,11363.953271045835,-138130.8543390683,,DE000A4DE9Y3,Bond,4525695.241553664,0.0025,4.6795857358124895,Bond,Financials,Senior,BBB,2031-02-13 00:00:00,5.876712328767123,5-10,2030-02-13,7.0,Germany,IG,138130.85433906876
900200,DE000NRW0N26,8024472.73972603,22.716086268187055,636055.9528033625,-738245.4071984189,,DE000NRW0N26,Bond,7286227.332527611,0.0025,38.61748508827112,Bond,Sub-sovereigns,Senior,AA,2073-03-07 00:00:00,47.967123287671235,10+,2073-03-07,9.0,Germany,IG,738245.4071984189
900200,DUM25 Cmdty,0.0,0.0,-290.5085280898374,4123.375420056874,,,Bond Future,4123.375420056874,0.0025,-0.007262713202245935,Bond Future,Sovereigns,,AAA,2025-06-06 00:00:00,0.18356164383561643,0-1,2027-03-11,,Germany,IG,-4123.375420056874
900200,ES0813211028,10263000.000000002,0.7619010133375568,801.5036634389886,-95156.39690957277,,ES0813211028,Bond,10167843.60309043,0.0025,0.7819386049235315,Bond,Financials,Preferred Stock,BB,9999-12-31 00:00:00,7980.049315068493,10+,2026-01-15,4.0,Spain,HY,95156.39690957218
900200,FR0012599645,50743702.152000025,0.230690403526216,3876.2395438049007,-126147.2268456175,,FR0012599645,Fund Unit,50617554.92515441,0.0025,0.3275963921213385,Fund Unit,Multi-sector Funds,,N/R,,,,,,,NR,126147.22684561461
900200,FR0012737963,2712838.4999996554,0.2878308724248783,41.9619519131888,-9399.600670109558,,FR0012737963,Bond,2703438.899329546,0.0025,0.28887992122270806,Bond,Financials,Subordinated,BBB,2025-07-15 00:00:00,0.29041095890410956,0-1,2025-07-15,7.0,France,IG,9399.600670109503
900200,FR0013413887,4086095.89041096,0.0389757815552729,15.725012403322586,-1007.5304935259902,,FR0013413887,Bond,4085088.3599174344,0.0025,0.03936890686535596,Bond,Corporates,Junior Subordinated,BBB,9999-12-31 00:00:00,7980.049315068493,10+,2025-04-15,2.0,France,IG,1007.5304935257882
900200,FR0014009A50,5834150.082191716,0.141182605125601,91.71501247350596,-5506.4786392193055,,FR0014009A50,Bond,5828643.603552497,0.0025,0.14347548043743863,Bond,Financials,Senior,A,2025-05-23 00:00:00,0.14520547945205478,0-1,2025-05-23,8.0,France,IG,5506.478639218956
900200,FR001400A5N5,6864745.315068487,0.0929890186185941,67.83888420815575,-3949.5794963407734,,FR001400A5N5,Bond,6860795.735572146,0.0025,0.09468499072379799,Bond,Corporates,Senior,BBB,2025-05-05 00:00:00,0.0958904109589041,0-1,2025-05-03,5.0,France,IG,3949.579496340826
900200,FR001400N6I8,100764.34246575343,7.376149768623145,671.5227862663645,-5001.110722050944,,FR001400N6I8,Bond,95763.23174370249,0.0025,7.3929378382798046,Bond,Financials,Senior,A,2034-02-03 00:00:00,8.852054794520548,5-10,2034-02-03,7.0,France,IG,5001.110722050944
900200,FR001400Y969,5015594.520547946,8.191878368966679,40824.502825454365,-252217.77728268434,,FR001400Y969,Bond,4763376.743265262,0.0025,9.212490939603038,Bond,Corporates,Senior,A,2035-03-21 00:00:00,9.978082191780821,5-10,2034-12-21,6.0,France,IG,252217.7772826841
900200,FR0128910454,3494273.525435,0.0622722195791372,22.56402065192675,-1321.1225931781642,,FR0128910454,Bond,3492952.4028418222,0.0025,0.06283632009543537,Bond,Corporates,Senior,BBB,2025-04-23 00:00:00,0.06301369863013699,0-1,2025-04-23,8.0,France,IG,1321.1225931779481
900200,FR0128957760,16987825.39246228,0.0270705272859782,46.0609783664252,-2792.5192425965392,,FR0128957760,Bond,16985032.873219684,0.0025,0.02822205174513883,Bond,Corporates,Senior,BBB,2025-04-10 00:00:00,0.0273972602739726,0-1,2025-04-10,8.0,France,IG,2792.519242595881
900200,FR0128962497,19995591.84081565,0.0081157909728521,15.936074682100465,-986.0839811909092,,FR0128962497,Bond,19994605.75683446,0.0025,0.008514192839904611,Bond,Corporates,Senior,BBB,2025-04-03 00:00:00,0.00821917808219178,0-1,2025-04-03,8.0,Luxembourg,IG,986.0839811898768
900200,FR0129030898,9971499.4234,0.0944095824535604,100.30479780098482,-15776.824430173972,,FR0129030898,Bond,9955722.598969826,0.0025,0.09691720239858502,Bond,Corporates,Senior,BB,2025-05-05 00:00:00,0.0958904109589041,0-1,2025-05-05,8.0,France,HY,15776.824430173263
900200,FR0129061653,19836694.535999823,0.2919122286938837,732.4803652503042,-96846.54702233337,,FR0129061653,Bond,19739847.98897749,0.0025,0.3102242378251413,Bond,Corporates,Senior,BB,2025-07-17 00:00:00,0.2958904109589041,0-1,2025-07-17,8.0,France,HY,96846.5470223315
900200,FR0129084762,10023380.513505604,0.0028283356467447,-0.0063948846218409,-1224.249002983115,,FR0129084762,Bond,10022156.26450262,0.0025,0.002828175774629154,Bond,Corporates,Senior,BB,2025-04-03 00:00:00,0.00821917808219178,0-1,2025-04-03,8.0,France,HY,1224.2490029837936
900200,FR0129101236,9994868.3500999,0.0189378635543252,18.7934667829838,-1150.0944402854686,,FR0129101236,Bond,9993718.255659616,0.0025,0.019407700223899794,Bond,Corporates,Senior,BBB,2025-04-07 00:00:00,0.019178082191780823,0-1,2025-04-07,8.0,Luxembourg,IG,1150.0944402851164
900200,FR0129105872,17676103.70466937,0.0458903791480086,82.55097772169675,-13583.96462783496,,FR0129105872,Bond,17662519.740041535,0.0025,0.04795415359105102,Bond,Corporates,Senior,BB,2025-04-17 00:00:00,0.04657534246575343,0-1,2025-04-17,8.0,France,HY,13583.9646278359
900200,FR0129106383,6958360.416839971,0.2135585456503635,176.35113147557556,-9036.33654132095,,FR0129106383,Bond,6949324.08029865,0.0025,0.21796732393725288,Bond,Corporates,Senior,BBB,2025-06-18 00:00:00,0.21643835616438356,0-1,2025-06-18,8.0,France,IG,9036.336541321129
900200,FR0129107795,12975226.13033154,0.0647861970444555,87.1364647136686,-14077.231637291206,,FR0129107795,Bond,12961148.898694249,0.0025,0.06696460866229721,Bond,Corporates,Senior,BB,2025-04-24 00:00:00,0.06575342465753424,0-1,2025-04-24,8.0,France,HY,14077.23163729161
900200,FR0129109759,13968359.745711954,0.0811011969354974,119.43820155124384,-6888.506175967539,,FR0129109759,Bond,13961471.239535987,0.0025,0.0840871519742785,Bond,Corporates,Senior,BBB,2025-04-30 00:00:00,0.0821917808219178,0-1,2025-04-30,8.0,France,IG,6888.506175966933
900200,IKM25 Cmdty,0.0,0.0,-19875.9704992228,138662.81142631825,,,Bond Future,138662.81142631825,0.0025,-0.49689926248057,Bond Future,Sovereigns,,BBB,2025-06-06 00:00:00,0.18356164383561643,0-1,2034-03-01,,Italy,IG,-138662.81142631825
900200,INFS10000294,337818.9704720788,8.96164383561639,-48.69983947987938,-332792.5737386868,JPMSE,,Index Linked Swap,5026.39673339203,0.0025,8.960426339629393,Index Linked Swap,Interest rates,,N/R,2034-03-15 00:00:00,8.961643835616439,5-10,,,,NR,332792.5737386868
900200,INFS10000295,-1357239.567416324,18.96986301369862,1746.489229204141,1380023.7833402862,JPMSE,,Index Linked Swap,22784.215923962183,0.0025,19.013525244428724,Index Linked Swap,Interest rates,,N/R,2044-03-15 00:00:00,18.96986301369863,10+,,,,NR,-1380023.7833402862
900200,INFS10000296,1045590.03176928,28.97534246575347,-5227.462631761314,-1021033.6634602637,JPMSE,,Index Linked Swap,24556.368309016223,0.0025,28.844655899959438,Index Linked Swap,Interest rates,,N/R,2054-03-15 00:00:00,28.975342465753425,10+,,,,NR,1021033.6634602637
900200,INFS10000345,717423.2938995262,19.1369863013699,-1170.7719146807192,-595233.4179299328,JPMSE,,Index Linked Swap,122189.87596959341,0.0025,19.107717003502884,Index Linked Swap,Interest rates,,N/R,2044-05-15 00:00:00,19.136986301369863,10+,,,,NR,595233.4179299328
900200,INFS10000347,705347.6431237764,19.136986301369877,-1131.6908057268174,-594655.6890212437,CEP,,Index Linked Swap,110691.9541025327,0.0025,19.108694031226708,Index Linked Swap,Interest rates,,N/R,2044-05-15 00:00:00,19.136986301369863,10+,,,,NR,594655.6890212437
900200,INFS10000349,-539589.4920262587,19.136986301369927,946.1288287757332,418452.37478575914,GIPB,,Index Linked Swap,-121137.11724049959,0.0025,19.16063952208932,Index Linked Swap,Interest rates,,N/R,2044-05-15 00:00:00,19.136986301369863,10+,,,,NR,-418452.37478575914
900200,INFS10000350,-239383.74973853177,19.13698630136992,411.4967215943095,189132.31162272143,CA,,Index Linked Swap,-50251.438115810335,0.0025,19.147273719409778,Index Linked Swap,Interest rates,,N/R,2044-05-15 00:00:00,19.136986301369863,10+,,,,NR,-189132.31162272143
900200,INFS10000353,-728042.6122863288,19.136986301369856,1226.2525069093203,586334.9051004994,GIPB,,Index Linked Swap,-141707.7071858294,0.0025,19.167642614042588,Index Linked Swap,Interest rates,,N/R,2044-05-15 00:00:00,19.136986301369863,10+,,,,NR,-586334.9051004994
900200,IRSB100007718,-7060595.693452269,29.648612801537897,-831663.43911574,523342.1696584307,JPMSE,,Swap,-6537253.523793838,0.0025,8.857026823644397,IR Swap,Interest rates,,N/R,2073-03-07 00:00:00,47.967123287671235,10+,,,,NR,-523342.16965843085
900200,IRSB100008990,-16121685.176917745,0.6547943870369319,-691.2266131741188,26390.972408555615,CA,,Swap,-16095294.20450919,0.0025,0.6375137217075789,IR Swap,Interest rates,,N/R,2025-11-25 00:00:00,0.6547945205479452,0-1,,,,NR,-26390.972408555448
900200,IRSB100009460,-45010909.40552578,0.5863012296991261,-1547.2522804791583,65974.87883583934,BNPP,,Swap,-44944934.52668994,0.0025,0.5476199226871472,IR Swap,Interest rates,,N/R,2025-10-31 00:00:00,0.5863013698630137,0-1,,,,NR,-65974.87883584201
900200,LU2550878602,18646872.537600003,0.5360026175322387,429.3950903835528,-79875.92564754072,,LU2550878602,Fund Unit,18566996.61195246,0.0025,0.5467374947918274,Fund Unit,Multi-sector Funds,,N/R,,,,,,,NR,79875.92564754188
900200,OEM25 Cmdty,0.0,0.0,-26492.178986517905,186533.6549726389,,,Bond Future,186533.6549726389,0.0025,-0.6623044746629476,Bond Future,Sovereigns,,AAA,2025-06-06 00:00:00,0.18356164383561643,0-1,2030-04-18,,Germany,IG,-186533.6549726389
900200,PTCGDNOM0026,3068291.095890069,0.2024642043624468,72.98238013928454,-4207.341626008163,,PTCGDNOM0026,Bond,3064083.754264061,0.0025,0.20428876386592892,Bond,Financials,Senior,BBB,2026-06-15 00:00:00,1.2082191780821918,1-5,2025-06-15,5.0,Portugal,IG,4207.341626008041
900200,RXM25 Cmdty,0.0,0.0,-312270.0598926951,1371935.3164363853,,,Bond Future,1371935.3164363853,0.0025,-7.806751497317378,Bond Future,Sovereigns,,AAA,2025-06-06 00:00:00,0.18356164383561643,0-1,2034-02-15,,Germany,IG,-1371935.3164363853
900200,XS0207764712,12182155.47777786,0.2291351792395992,116.36132182246683,-256186.704830223,,XS0207764712,Bond,11925968.772947636,0.0025,0.23204421228516087,Bond,Financials,Junior Subordinated,BBB,9999-12-31 00:00:00,7980.049315068493,10+,2027-06-15,2.0,France,IG,256186.7048302237
900200,XS1684385161,8324972.3132008705,0.4594029894912147,362.83504782503377,-63224.17329367895,,XS1684385161,Bond,8261748.1399071915,0.0025,0.4684738656868406,Bond,Corporates,Senior,BB,2025-09-19 00:00:00,0.4712328767123288,0-1,2025-09-14,2.0,Japan,HY,63224.17329367902
900200,XS1739839998,18308060.10989232,0.1711131588475445,206.0460602138185,-38522.16483396521,,XS1739839998,Bond,18269537.945058353,0.0025,0.17626431035288995,Bond,Financials,Junior Subordinated,BB,9999-12-31 00:00:00,7980.049315068493,10+,2025-06-03,3.0,Italy,HY,38522.16483396664
900200,XS1808351214,38487253.46575344,0.0450183659411111,175.27127904592948,-21510.684128804663,,XS1808351214,Bond,38465742.78162464,0.0025,0.04940014791725934,Bond,Financials,Subordinated,BBB,2030-04-17 00:00:00,5.049315068493151,5-10,2025-04-17,5.0,Spain,IG,21510.684128805995
900200,XS2010031057,8373292.341650883,0.2256536129372009,135.01536103355247,-23124.051179134498,,XS2010031057,Bond,8350168.290471748,0.0025,0.22902899696303972,Bond,Financials,Junior Subordinated,BB,9999-12-31 00:00:00,7980.049315068493,10+,2025-06-23,2.0,Ireland,HY,23124.051179134287
900200,XS2052337503,16066292.602358129,0.6361666521426775,1643.2229798462545,-173581.98596547748,,XS2052337503,Bond,15892710.616392652,0.0025,0.6772472266388339,Bond,Corporates,Senior,BB,2025-11-25 00:00:00,0.6547945205479452,0-1,2025-11-25,4.0,United States,HY,173581.9859654773
900200,XS2110110686,15350044.52054794,0.0739211646545826,117.72849362046114,-7653.994802026646,,XS2110110686,Bond,15342390.525745913,0.0025,0.07686437699509412,Bond,Financials,Senior,BB,2025-04-28 00:00:00,0.07671232876712329,0-1,2025-04-28,3.0,Italy,HY,7653.994802026078
900200,XS2152062209,20588536.986607827,0.0158910624454902,32.14801758181339,-2369.0919272261062,,XS2152062209,Bond,20586167.8946806,0.0025,0.016694762885035536,Bond,Corporates,Senior,BBB,2025-04-06 00:00:00,0.01643835616438356,0-1,2025-04-06,3.0,Germany,IG,2369.091927226633
900200,XS2183818637,20430363.013631187,0.4306814448211825,1232.7755212140703,-108812.6731465727,,XS2183818637,Bond,20321550.340484615,0.0025,0.46150083285153426,Bond,Financials,Subordinated,BBB,2030-09-09 00:00:00,5.446575342465754,5-10,2025-09-09,7.0,United Kingdom,IG,108812.67314657196
900200,XS2187689034,30750616.43836727,0.2042262176636068,728.4268521703793,-39428.187652481865,,XS2187689034,Bond,30711188.250714786,0.0025,0.2224368889678663,Bond,Corporates,Subordinated,BBB,9999-12-31 00:00:00,7980.049315068493,10+,2025-06-17,4.0,Germany,IG,39428.18765248358
900200,XS2189784288,15986847.853914062,0.4735890991365954,1099.3818855309096,-95393.47118483888,,XS2189784288,Bond,15891454.382729223,0.0025,0.5010736462748682,Bond,Financials,Junior Subordinated,BB,9999-12-31 00:00:00,7980.049315068493,10+,2025-10-09,4.0,Germany,HY,95393.47118483856
900200,XS2189964773,14226911.328766393,0.2057988625800997,345.8821359324088,-19508.40854807556,,XS2189964773,Bond,14207402.920218317,0.0025,0.2144459159784099,Bond,Financials,Secured,AAA,2025-06-16 00:00:00,0.21095890410958903,0-1,2025-06-16,6.0,Netherlands,IG,19508.408548075706
900200,XS2278566299,3758678.356166169,4.43049175386021,9185.88962174244,-99819.49867099444,,XS2278566299,Bond,3658858.8574951747,0.0025,4.660138994403771,Bond,Corporates,Senior,BBB,2030-01-15 00:00:00,4.7972602739726025,1-5,2029-11-09,7.0,Italy,IG,99819.4986709943
900200,XS2286011528,15209589.04109589,0.0628042200922343,297.62659004006764,-114512.06818715627,,XS2286011528,Bond,15095076.972908733,0.0025,0.07024488484323599,Bond,Financials,Subordinated,BBB,2031-04-15 00:00:00,6.043835616438356,5-10,2026-01-15,5.0,Spain,IG,114512.06818715669
900200,XS2462324232,30121097.25969569,0.5602693782435377,2588.887104613201,-112644.65139584831,,XS2462324232,Bond,30008452.60829984,0.0025,0.6249915558588678,Bond,Financials,Senior,A,2026-10-27 00:00:00,1.5753424657534247,1-5,2025-10-27,8.0,United States,IG,112644.65139584988
900200,XS2487667276,6037040.547945205,0.8163625784976348,882.2493801531004,-33112.75390955151,,XS2487667276,Bond,6003927.794035654,0.0025,0.8384188130014624,Bond,Financials,Senior,BBB,2027-01-31 00:00:00,1.8383561643835618,1-5,2026-01-31,7.0,United Kingdom,IG,33112.75390955154
900200,XS2532681074,7924437.328767128,1.8820992499228013,4383.452251177668,-91897.11928128774,,XS2532681074,Bond,7832540.209485841,0.0025,1.991685556202243,Bond,Corporates,Senior,BBB,2027-04-14 00:00:00,2.0383561643835617,1-5,2027-04-14,7.0,Italy,IG,91897.1192812873
900200,XS2538366878,30683498.629927214,0.4802418428264874,2142.638333397119,-99448.1613128874,,XS2538366878,Bond,30584050.46861433,0.0025,0.5338078011614154,Bond,Financials,Senior,A,2026-09-27 00:00:00,1.4931506849315068,1-5,2025-09-27,7.0,Spain,IG,99448.16131288558
900200,XS2710354544,20957863.013698623,1.5078511748509444,7926.3916319405325,-211094.65381867552,,XS2710354544,Bond,20746768.35987995,0.0025,1.7060109656494578,Bond,Financials,Senior,A,2026-11-01 00:00:00,1.5890410958904109,1-5,2026-11-01,8.0,United Kingdom,IG,211094.6538186744
900200,XS2904849879,4140630.1371053937,3.9018436894384134,8233.93931727402,-202702.57785253317,,XS2904849879,Bond,3937927.5592528605,0.0025,4.107692172370264,Bond,Financials,Subordinated,BBB,2035-01-02 00:00:00,9.764383561643836,5-10,2029-10-02,6.0,Austria,IG,202702.5778525332
900200,XS2987792269,5971417.808639263,4.241425343291009,13754.94919394662,-318015.4236745045,,XS2987792269,Bond,5653402.3849647585,0.0025,4.585299073139675,Bond,Financials,Subordinated,BB,2035-04-30 00:00:00,10.087671232876712,10+,2030-01-30,6.0,Greece,HY,318015.4236745043
900200,XS3003295519,5713463.013698629,8.105571750004742,45621.13060737734,-284473.55038705224,,XS3003295519,Bond,5428989.463311577,0.0025,9.246100015189176,Bond,Corporates,Senior,BBB,2035-02-17 00:00:00,9.89041095890411,5-10,2034-11-17,7.0,Netherlands,IG,284473.5503870519
900200,XS3004055177,6127008.904171441,5.9920063968037285,26942.786536082687,-247595.1104825422,,XS3004055177,Bond,5879413.793688899,0.0025,6.665576060205796,Bond,Financials,Senior,BBB,2033-02-18 00:00:00,7.8931506849315065,5-10,2032-02-18,5.0,Spain,IG,247595.11048254184
900200,XS3011736108,3430099.726027555,6.663852872123573,18587.186136464014,-140352.64909074572,,XS3011736108,Bond,3289747.0769368093,0.0025,7.1285325255351735,Bond,Corporates,Senior,BBB,2033-02-27 00:00:00,7.917808219178082,5-10,2032-11-27,6.0,United Kingdom,IG,140352.6490907455
900200,XS3025207807,1617740.9246575946,5.8161732196734635,6742.8716038625225,-117423.10508337572,,XS3025207807,Bond,1500317.819574219,0.0025,5.984745009770027,Bond,Financials,Subordinated,BBB,2033-03-26 00:00:00,7.991780821917808,5-10,2031-12-26,6.0,Switzerland,IG,117423.1050833757
900200,XS3037678862,7268975.000006282,9.354587753618368,78865.48817544717,-419970.94763139595,,XS3037678862,Bond,6849004.052374885,0.0025,11.326224958004548,Bond,Corporates,Senior,BBB,2037-06-01 00:00:00,12.178082191780822,10+,2037-03-01,6.0,United States,IG,419970.94763139635
900200,XS3037682112,12686538.000000004,8.013387609865513,99989.61611651939,-627086.7118222628,,XS3037682112,Bond,12059451.288177742,0.0025,10.513128012778498,Bond,Corporates,Senior,BBB,2035-03-31 00:00:00,10.005479452054795,10+,2034-12-31,5.0,Netherlands,IG,627086.711822262
900200,XS3038544790,3494074.076150994,6.736100482391644,19315.29754845593,-144380.0147946144,,XS3038544790,Bond,3349694.0613563797,0.0025,7.218982921103042,Bond,Corporates,Senior,BBB,2033-04-02 00:00:00,8.01095890410959,5-10,2033-01-02,6.0,Australia,IG,144380.01479461417
981017,2I666V.S43.5Y,-1972558.687505808,2.6204898071851668,0.0,1948880.8004005235,,,CDS Index,-23677.88710528449,0.0025,2.6204898071851668,CDS Index,Corporates,,BBB,2030-06-20 00:00:00,5.2246575342465755,5-10,,,Europe,IG,-1948880.8004005235
981017,2I667D.S43.5Y,2257950.1615271308,2.6114700433279014,0.0,-3004025.5861702003,,,CDS Index,-746075.4246430695,0.0025,2.6114700433279014,CDS Index,Financials,,BBB,2030-06-20 00:00:00,5.2246575342465755,5-10,,,Europe,IG,3004025.5861702003
981017,2I667E.S43.5Y,275110.712019732,2.7161501589237877,0.0,1288332.419433827,,,CDS Index,1563443.131453559,0.0025,2.7161501589237877,CDS Index,Financials,,BBB,2030-06-20 00:00:00,5.2246575342465755,5-10,,,Europe,IG,-1288332.419433827
981017,2I667K.S43.5Y,-239105.07070991216,2.5007031065629013,0.0,214917.13189537392,,,CDS Index,-24187.93881453824,0.0025,2.5007031065629013,CDS Index,Corporates,,B,2030-06-20 00:00:00,5.2246575342465755,5-10,,,Europe,HY,-214917.13189537392
981017,BE0390201672,6850213.424657532,8.134215073525286,5374.808575452634,-342158.4436121107,,BE0390201672,Bond,6508054.981045421,0.0025,8.268585287911602,Bond,Corporates,Senior,A,2035-03-12 00:00:00,9.953424657534246,5-10,2034-12-12,4.0,Belgium,IG,342158.4436121108
981017,BE6362152199,3946842.7480315054,4.95433606859128,12143.7932385601,-130179.29205201732,,BE6362152199,Bond,3816663.455979488,0.0025,5.257930899555283,Bond,Financials,Senior,BBB,2031-01-29 00:00:00,5.835616438356165,5-10,2030-10-29,5.0,Belgium,IG,130179.29205201752
981017,CDSB100002643,-351966.2404422965,0.719237764236259,0.0,107771.71683317386,CEP,,Credit Default Swap,-244194.5236091226,0.0025,0.719237764236259,CDS,Corporates,Senior,BB,2026-06-20 00:00:00,1.2219178082191782,1-5,,,France,HY,-107771.71683317388
981017,CDSB100003202,78110.14653200777,2.4986704507435964,0.0,429499.03279315704,DBKAG,,Credit Default Swap,507609.1793251648,0.0025,2.4986704507435964,CDS,Corporates,Senior,BB,2029-12-20 00:00:00,4.726027397260274,1-5,,,France,HY,-429499.03279315704
981017,CH1142231682,4932318.493075393,0.5786116463224997,442.8826749658864,-19060.37050543244,,CH1142231682,Bond,4913258.122569961,0.0025,0.5896837131966469,Bond,Financials,Senior,A,2026-11-03 00:00:00,1.5945205479452054,1-5,2025-11-03,6.0,Switzerland,IG,19060.3705054326
981017,CH1174335732,20121780.821766347,0.5222358895181864,1570.7484201986292,-70233.28429295984,,CH1174335732,Bond,20051547.537473388,0.0025,0.5615046000231522,Bond,Financials,Senior,A,2026-10-13 00:00:00,1.536986301369863,1-5,2025-10-13,8.0,Switzerland,IG,70233.28429295868
981017,CSH_AUD_DB,49783.91616089612,0.0,0.0,0.0,,,Cash,49783.91616089612,0.0,0.0,Cash,Interest rates,,N/R,,,,,,,NR,0.0
981017,CSH_CAD_DB,41586.38395729379,0.0,0.0,0.0,,,Cash,41586.38395729379,0.0,0.0,Cash,Interest rates,,N/R,,,,,,,NR,0.0
981017,CSH_CHF_DB,10846.232728557638,0.0,0.0,0.0,,,Cash,10846.232728557638,0.0,0.0,Cash,Interest rates,,N/R,,,,,,,NR,0.0
981017,CSH_CNH_DB,6131.519711583424,0.0,0.0,0.0,,,Cash,6131.519711583424,0.0,0.0,Cash,Interest rates,,N/R,,,,,,,NR,0.0
981017,CSH_EUR_DB,-1603696.669999999,0.0,0.0,0.0,,,Cash,-1603696.669999999,0.0,0.0,Cash,Interest rates,,N/R,,,,,,,NR,0.0
981017,CSH_GBP_DB,-246936.05672560635,0.0,0.0,61.73401418140159,,,Cash,-246874.32271142496,0.0,0.0,Cash,Interest rates,,N/R,,,,,,,NR,-61.7340141813911
981017,CSH_HUF_DB,2492.8019295642366,0.0,0.0,0.0,,,Cash,2492.8019295642366,0.0,0.0,Cash,Interest rates,,N/R,,,,,,,NR,0.0
981017,CSH_JPY_DB,11647.81649592231,0.0,0.0,-2.9119541239805784,,,Cash,11644.90454179833,0.0,0.0,Cash,Interest rates,,N/R,,,,,,,NR,2.91195412397974
981017,CSH_MXN_DB,9045.03484663073,0.0,0.0,0.0,,,Cash,9045.03484663073,0.0,0.0,Cash,Interest rates,,N/R,,,,,,,NR,0.0
981017,CSH_NOK_DB,9805.15983450292,0.0,0.0,0.0,,,Cash,9805.15983450292,0.0,0.0,Cash,Interest rates,,N/R,,,,,,,NR,0.0
981017,CSH_NZD_DB,4419.165819292723,0.0,0.0,0.0,,,Cash,4419.165819292723,0.0,0.0,Cash,Interest rates,,N/R,,,,,,,NR,0.0
981017,CSH_PLN_DB,109.9470720519637,0.0,0.0,0.0,,,Cash,109.9470720519637,0.0,0.0,Cash,Interest rates,,N/R,,,,,,,NR,0.0
981017,CSH_SEK_DB,2171.114586858888,0.0,0.0,0.0,,,Cash,2171.114586858888,0.0,0.0,Cash,Interest rates,,N/R,,,,,,,NR,0.0
981017,CSH_USD_DB,468515.0620255508,0.0,0.0,-117.1287655063877,,,Cash,468397.93326004443,0.0,0.0,Cash,Interest rates,,N/R,,,,,,,NR,117.12876550637884
981017,DE000A4DE9Y3,3869983.35616631,4.395486904036344,9429.663352569949,-114619.21955795029,,DE000A4DE9Y3,Bond,3755364.13660836,0.0025,4.631228487850592,Bond,Financials,Senior,BBB,2031-02-13 00:00:00,5.876712328767123,5-10,2030-02-13,7.0,Germany,IG,114619.21955795027
981017,DE000NRW0N26,1510488.9863013704,22.716086268187052,119728.1793512212,-138963.8413549965,,DE000NRW0N26,Bond,1371525.144946374,0.0025,25.709290751967583,Bond,Sub-sovereigns,Senior,AA,2073-03-07 00:00:00,47.967123287671235,10+,2073-03-07,9.0,Germany,IG,138963.84135499643
981017,DUM25 Cmdty,0.0,0.0,-4996.746683145204,70922.05722497823,,,Bond Future,70922.05722497823,0.0025,-0.1249186670786301,Bond Future,Sovereigns,,AAA,2025-06-06 00:00:00,0.18356164383561643,0-1,2027-03-11,,Germany,IG,-70922.05722497823
981017,ES0813211028,6157800.000000001,0.7619010133375568,480.90219806339314,-57093.83814574366,,ES0813211028,Bond,6100706.161854257,0.0025,0.7739235682891417,Bond,Financials,Preferred Stock,BB,9999-12-31 00:00:00,7980.049315068493,10+,2026-01-15,4.0,Spain,HY,57093.838145744056
981017,FR0011949403,2068730.1369862908,0.1731552942131187,40.505012677271914,-4488.861009570252,,FR0011949403,Bond,2064241.2759767205,0.0025,0.1741679195300505,Bond,Financials,Junior Subordinated,BBB,2045-06-05 00:00:00,20.194520547945206,10+,2025-06-05,2.0,France,IG,4488.861009570304
981017,FR0012329845,2845972.317840464,0.6319592053609839,287.2419058188896,-22362.32495223685,,FR0012329845,Bond,2823609.992888227,0.0025,0.6391402530064562,Bond,Financials,Junior Subordinated,BBB,9999-12-31 00:00:00,7980.049315068493,10+,2025-11-25,4.0,France,IG,22362.324952236842
981017,FR0012599645,39752636.66400003,0.2306904035262158,3036.647616800504,-98823.78821994124,,FR0012599645,Fund Unit,39653812.87578008,0.0025,0.3066065939462284,Fund Unit,Multi-sector Funds,,N/R,,,,,,,NR,98823.78821994364
981017,FR0013416146,3366208.849315067,0.0649788325352718,22.172268101385175,-3804.2771242259314,,FR0013416146,Bond,3362404.5721908407,0.0025,0.06553313923780643,Bond,Corporates,Senior,BB,2025-04-25 00:00:00,0.0684931506849315,0-1,2025-04-25,2.0,France,HY,3804.2771242260933
981017,FR0013428414,4621109.589041074,0.2251633694501576,124.0325018252484,-17547.55586413953,,FR0013428414,Bond,4603562.033176934,0.0025,0.22826418199578882,Bond,Corporates,Senior,BB,2025-06-24 00:00:00,0.2328767123287671,0-1,2025-06-21,4.0,France,HY,17547.55586413946
981017,FR0013510179,6575546.123197918,0.7870890616086575,896.4625941693939,-85310.95525042122,,FR0013510179,Bond,6490235.167947496,0.0025,0.8095006264628924,Bond,Corporates,Senior,BB,2026-01-29 00:00:00,0.8328767123287671,0-1,2026-01-12,3.0,France,HY,85310.95525042154
981017,FR00140009W6,1973068.4931412744,0.5528703209876851,165.6358450386395,-13622.281103331537,,FR00140009W6,Bond,1959446.2120379428,0.0025,0.5570112171136511,Bond,Financials,Subordinated,BBB,2031-01-26 00:00:00,5.8273972602739725,5-10,2025-10-26,5.0,France,IG,13622.281103331596
981017,FR0014000NZ4,6059887.396994678,1.083835657997533,1361.5692571847535,-108976.42747022415,,FR0014000NZ4,Bond,5950910.969524454,0.0025,1.1178748894271517,Bond,Corporates,Senior,BB,2026-05-25 00:00:00,1.1506849315068493,1-5,2026-05-09,5.0,France,HY,108976.42747022398
981017,FR0014003G27,4956855.479454435,2.9097029397024774,5707.797140550409,-93733.06602185548,,FR0014003G27,Bond,4863122.4134325795,0.0025,3.0523978682162376,Bond,Financials,Senior,BBB,2028-05-14 00:00:00,3.1232876712328768,1-5,2028-03-30,5.0,France,IG,93733.06602185592
981017,FR001400KWR6,7263115.616438365,3.3333931402905588,10724.134795737313,-409754.47434097616,,FR001400KWR6,Bond,6853361.142097388,0.0025,3.6014965101839915,Bond,Corporates,Senior,BB,2029-03-22 00:00:00,3.978082191780822,1-5,2028-12-22,5.0,France,HY,409754.4743409762
981017,FR001400Y969,5015594.520547946,8.191878368966679,40824.502825454365,-252217.77728268434,,FR001400Y969,Bond,4763376.743265262,0.0025,9.212490939603038,Bond,Corporates,Senior,A,2035-03-21 00:00:00,9.978082191780821,5-10,2034-12-21,6.0,France,IG,252217.7772826841
981017,FR0128910454,3494273.525435,0.0622722195791372,22.56402065192675,-1321.1225931781642,,FR0128910454,Bond,3492952.4028418222,0.0025,0.06283632009543537,Bond,Corporates,Senior,BBB,2025-04-23 00:00:00,0.06301369863013699,0-1,2025-04-23,8.0,France,IG,1321.1225931779481
981017,FR0128957760,7994270.772923424,0.0270705272859782,21.67575452537657,-1314.1267023983714,,FR0128957760,Bond,7992956.646221026,0.0025,0.027612421149112613,Bond,Corporates,Senior,BBB,2025-04-10 00:00:00,0.0273972602739726,0-1,2025-04-10,8.0,France,IG,1314.1267023980618
981017,FR0129030898,4985749.711700001,0.0944095824535604,50.15239890049241,-7888.412215086986,,FR0129030898,Bond,4977861.299484914,0.0025,0.09566339242607272,Bond,Corporates,Senior,BB,2025-05-05 00:00:00,0.0958904109589041,0-1,2025-05-05,8.0,France,HY,7888.4122150866315
981017,FR0129061653,9918347.267999912,0.2919122286938837,366.2401826251521,-48423.273511166684,,FR0129061653,Bond,9869923.994488746,0.0025,0.30106823325951254,Bond,Corporates,Senior,BB,2025-07-17 00:00:00,0.2958904109589041,0-1,2025-07-17,8.0,France,HY,48423.27351116575
981017,FR0129084481,9957505.492499933,0.1624621056867005,183.97243728426196,-9821.101307671168,,FR0129084481,Bond,9947684.391192261,0.0025,0.16706141661880705,Bond,Corporates,Senior,BBB,2025-05-30 00:00:00,0.1643835616438356,0-1,2025-05-30,8.0,Luxembourg,IG,9821.101307671517
981017,FR0129107795,3992377.2708712425,0.0647861970444555,26.81121991189803,-4331.455888397294,,FR0129107795,Bond,3988045.814982845,0.0025,0.06545647754225295,Bond,Corporates,Senior,BB,2025-04-24 00:00:00,0.06575342465753424,0-1,2025-04-24,8.0,France,HY,4331.455888397526
981017,FR0129109759,10975139.80020225,0.0811011969354974,93.84430121883443,-5412.39770968878,,FR0129109759,Bond,10969727.402492562,0.0025,0.08344730446596826,Bond,Corporates,Senior,BBB,2025-04-30 00:00:00,0.0821917808219178,0-1,2025-04-30,8.0,France,IG,5412.397709688172
981017,FXW1023898,-1571135.255730133,0.0383561636461045,-0.2311610327160653,392.7838139325333,BNPP,,Currency Forward,-1570742.4719162006,0.0,0.0383561636461045,Currency Forward,Currency,,N/R,2025-04-14 00:00:00,0.038356164383561646,0-1,,,,NR,-392.7838139324449
981017,FXW1023970,924197.2092530195,0.0383561636461045,0.1359770780682737,-231.04930231325488,MSESE,,Currency Forward,923966.1599507063,0.0,0.0383561636461045,Currency Forward,Currency,,N/R,2025-04-14 00:00:00,0.038356164383561646,0-1,,,,NR,231.04930231324397
981017,FXW1023996,-19408141.39431341,0.0383561636461045,-2.855518639433749,4852.035348578353,MSESE,,Currency Forward,-19403289.35896483,0.0,0.0383561636461045,Currency Forward,Currency,,N/R,2025-04-14 00:00:00,0.038356164383561646,0-1,,,,NR,-4852.0353485792875
981017,FXW1023998,-18856292.66976472,0.498630038178138,-468.82737145082007,4714.07316744118,NATIXIS,,Currency Forward,-18851578.59659728,0.0,0.498630038178138,Currency Forward,Currency,,N/R,2025-09-29 00:00:00,0.4986301369863014,0-1,,,,NR,-4714.07316743955
981017,FXW1023999,19408141.39431341,0.0383561636461045,2.855518639433749,-4852.035348578353,MSESE,,Currency Forward,19403289.35896483,0.0,0.0383561636461045,Currency Forward,Currency,,N/R,2025-04-14 00:00:00,0.038356164383561646,0-1,,,,NR,4852.0353485792875
981017,FXW1024000,-14357911.366014602,0.1178082152994508,-19.92674455157205,3589.477841503651,MSESE,,Currency Forward,-14354321.888173098,0.0,0.1178082152994508,Currency Forward,Currency,,N/R,2025-05-13 00:00:00,0.1178082191780822,0-1,,,,NR,-3589.477841503918
981017,IKM25 Cmdty,0.0,0.0,12231.366461060185,-85330.9608777343,,,Bond Future,-85330.9608777343,0.0025,0.3057841615265046,Bond Future,Sovereigns,,BBB,2025-06-06 00:00:00,0.18356164383561643,0-1,2034-03-01,,Italy,IG,85330.9608777343
981017,INFS10000297,95282.273722894,8.961643835616393,-13.73585216099162,-93864.57208014245,JPMSE,,Index Linked Swap,1417.7016427515482,0.0025,8.961300439312367,Index Linked Swap,Interest rates,,N/R,2034-03-15 00:00:00,8.961643835616439,5-10,,,,NR,93864.57208014245
981017,INFS10000298,-382811.1600405017,18.96986301369862,492.5995261857834,389237.47735238844,JPMSE,,Index Linked Swap,6426.317311886756,0.0025,18.982178001853267,Index Linked Swap,Interest rates,,N/R,2044-03-15 00:00:00,18.96986301369863,10+,,,,NR,-389237.47735238844
981017,INFS10000299,294910.00896056613,28.975342465753467,-1474.4125371634475,-287983.85379648465,JPMSE,,Index Linked Swap,6926.155164081487,0.0025,28.93848215232438,Index Linked Swap,Interest rates,,N/R,2054-03-15 00:00:00,28.975342465753425,10+,,,,NR,287983.85379648465
981017,INFS10000325,217230.24253670985,8.9616438356164,-34.452701193080216,-194956.90647981016,CEP,,Index Linked Swap,22273.336056899687,0.0025,8.960782518086573,Index Linked Swap,Interest rates,,N/R,2034-03-15 00:00:00,8.961643835616439,5-10,,,,NR,194956.90647981016
981017,INFS10000327,638318.235813768,28.97534246575341,-3800.9263402487495,-530767.4021720472,CEP,,Index Linked Swap,107550.83364172082,0.0025,28.88031930724719,Index Linked Swap,Interest rates,,N/R,2054-03-15 00:00:00,28.975342465753425,10+,,,,NR,530767.4021720472
981017,INFS10000328,-846370.654913342,18.969863013698596,1288.9014686594946,733400.3624080565,CEP,,Index Linked Swap,-112970.29250528547,0.0025,19.002085550415085,Index Linked Swap,Interest rates,,N/R,2044-03-15 00:00:00,18.96986301369863,10+,,,,NR,-733400.3624080565
981017,INFS10000342,614934.2519138796,19.1369863013699,-1003.518784012045,-510200.0725113711,JPMSE,,Index Linked Swap,104734.17940250854,0.0025,19.111898331769602,Index Linked Swap,Interest rates,,N/R,2044-05-15 00:00:00,19.136986301369863,10+,,,,NR,510200.0725113711
981017,INFS10000344,604583.6941060941,19.136986301369877,-970.0206906229864,-509704.87630392326,CEP,,Index Linked Swap,94878.81780217082,0.0025,19.112735784104302,Index Linked Swap,Interest rates,,N/R,2044-05-15 00:00:00,19.136986301369863,10+,,,,NR,509704.87630392326
981017,INFS10000351,-462505.2788796504,19.136986301369927,810.967567522057,358673.4641020793,GIPB,,Index Linked Swap,-103831.81477757113,0.0025,19.157260490557977,Index Linked Swap,Interest rates,,N/R,2044-05-15 00:00:00,19.136986301369863,10+,,,,NR,-358673.4641020793
981017,INFS10000352,-205119.01693282035,19.13698630136992,352.5962104641436,162060.43172378282,CA,,Index Linked Swap,-43058.58520903753,0.0025,19.145801206631525,Index Linked Swap,Interest rates,,N/R,2044-05-15 00:00:00,19.136986301369863,10+,,,,NR,-162060.43172378282
981017,INFS10000354,-624102.2267040733,19.136986301369856,1051.1842399721716,502625.68933757284,GIPB,,Index Linked Swap,-121476.53736650042,0.0025,19.16326590736916,Index Linked Swap,Interest rates,,N/R,2044-05-15 00:00:00,19.136986301369863,10+,,,,NR,-502625.68933757284
981017,IRSB100002012,-692726.4314920021,5.938849723468185,-2524.372783836865,5315.679328004726,BNPP,,Swap,-687410.7521639974,0.00125,5.907295063670224,IR Swap,Interest rates,,N/R,2031-06-24 00:00:00,6.235616438356164,5-10,,,,NR,-5315.679328004713
981017,IRSB100007718,-1322697.346266784,29.64861280153789,-155799.7471694394,98040.35368271392,JPMSE,,Swap,-1224656.9925840702,0.0025,25.753619122301906,IR Swap,Interest rates,,N/R,2073-03-07 00:00:00,47.967123287671235,10+,,,,NR,-98040.35368271382
981017,IRSB100008421,-5143209.989239225,0.2328766958719226,-27.89213096988599,2994.3343711737452,BNPP,,Swap,-5140215.654868051,0.0025,0.23217939259767545,IR Swap,Interest rates,,N/R,2025-06-24 00:00:00,0.2328767123287671,0-1,,,,NR,-2994.3343711737543
981017,IRSB100008428,-4213312.270643228,0.2328766960545957,-22.849698207848853,2452.955602584204,NATIXIS,,Swap,-4210859.315040643,0.0025,0.2323054535993995,IR Swap,Interest rates,,N/R,2025-06-24 00:00:00,0.2328767123287671,0-1,,,,NR,-2452.9556025844067
981017,IRSB100008429,-6158052.487838696,0.0630136965986699,-2.445376560876876,970.104127768381,CEP,,Swap,-6157082.383710927,0.0025,0.06295256218464798,IR Swap,Interest rates,,N/R,2025-04-23 00:00:00,0.06301369863013699,0-1,,,,NR,-970.1041277684271
981017,OEM25 Cmdty,0.0,0.0,-45876.70019616516,323021.69519652106,,,Bond Future,323021.69519652106,0.0025,-1.1469175049041291,Bond Future,Sovereigns,,AAA,2025-06-06 00:00:00,0.18356164383561643,0-1,2030-04-18,,Germany,IG,-323021.69519652106
981017,RXM25 Cmdty,0.0,0.0,-367657.40996540553,1615275.5254679152,,,Bond Future,1615275.5254679152,0.0025,-9.191435249135138,Bond Future,Sovereigns,,AAA,2025-06-06 00:00:00,0.18356164383561643,0-1,2034-02-15,,Germany,IG,-1615275.5254679152
981017,TRS100000144,946086.0171181406,0.059604172519033,5.836124073555412,-940.90198414763,BNPP,TRS100000144,Bond,945145.115133993,0.0025,0.05975007562087189,Bond,Interest rates,Senior,N/R,2025-04-20 00:00:00,0.0547945205479452,0-1,2025-04-20,,,NR,940.9019841476111
981017,TRS100000147,976798.283125496,0.006278932080539,-2.968332278672392,-2525.5709048388653,BNPP,TRS100000147,Bond,974272.7122206572,0.0025,0.00620472377357219,Bond,Interest rates,Senior,N/R,2025-06-06 00:00:00,0.18356164383561643,0-1,2025-06-06,,,NR,2525.5709048388526
981017,TRS100000148,5003810.976142007,0.0069945321544751,-22.492144440761308,-15633.58499587786,BNPP,TRS100000148,Bond,4988177.391146129,0.0025,0.006432228543456067,Bond,Interest rates,Senior,N/R,2025-06-20 00:00:00,0.2219178082191781,0-1,2025-06-20,,,NR,15633.584995877929
981017,US91282CCM10,906426.5525992285,6.265287372194424,3570.1060084144915,-4641.1102745322005,,US91282CCM10,Bond,901785.4423246962,0.00125,6.3099136972996055,Bond,Sovereigns,Senior,AA,2031-07-15 00:00:00,6.293150684931507,5-10,2031-07-15,10.0,United States,IG,4641.110274532228
981017,USF43628B413,18634923.57403853,0.4811045658776788,865.0635804486664,-60410.33786022219,,USF43628B413,Bond,18574513.23617831,0.00125,0.49191786063328713,Bond,Financials,Junior Subordinated,BB,9999-12-31 00:00:00,7980.049315068493,10+,2025-09-29,4.0,France,HY,60410.337860222906
981017,VGM25 Index,0.0,0.0,0.0,0.0,,,Equity Index Future,0.0,0.0,0.0,Equity Index Future,Indices,,N/R,2025-06-20 00:00:00,0.2219178082191781,0-1,,,Europe,NR,0.0
981017,XS0207764712,19932981.911111247,0.2291351792395992,190.3955443083305,-419184.0239244359,,XS0207764712,Bond,19513797.88718681,0.0025,0.23389506784730746,Bond,Financials,Junior Subordinated,BBB,9999-12-31 00:00:00,7980.049315068493,10+,2027-06-15,2.0,France,IG,419184.0239244364
981017,XS1684385161,5573203.222226524,0.4594029894912147,242.90212406696827,-42325.80638907377,,XS1684385161,Bond,5530877.41583745,0.0025,0.4654755425928889,Bond,Corporates,Senior,BB,2025-09-19 00:00:00,0.4712328767123288,0-1,2025-09-14,2.0,Japan,HY,42325.80638907384
981017,XS1739839998,10171144.505495733,0.1711131588475445,114.47003345212138,-21401.202685536224,,XS1739839998,Bond,10149743.302810196,0.0025,0.17397490968384752,Bond,Financials,Junior Subordinated,BB,9999-12-31 00:00:00,7980.049315068493,10+,2025-06-03,3.0,Italy,HY,21401.202685536817
981017,XS1808351214,3062646.1643835623,0.0450183659411111,13.9473166349546,-1711.7255274910872,,XS1808351214,Bond,3060934.4388560713,0.0025,0.04536704885698497,Bond,Financials,Subordinated,BBB,2030-04-17 00:00:00,5.049315068493151,5-10,2025-04-17,5.0,Spain,IG,1711.7255274909548
981017,XS2010031057,10295148.689691914,0.2256536129372009,166.00438161207265,-28431.53391564232,,XS2010031057,Bond,10266717.155776272,0.0025,0.22980372247750272,Bond,Financials,Junior Subordinated,BB,9999-12-31 00:00:00,7980.049315068493,10+,2025-06-23,2.0,Ireland,HY,28431.53391564265
981017,XS2076169668,14328321.401386438,0.1158916997163613,99.8013562594096,-13710.044518997847,,XS2076169668,Bond,14314611.35686744,0.00125,0.11713921666960392,Bond,Financials,Subordinated,BBB,9999-12-31 00:00:00,7980.049315068493,10+,2025-05-13,3.0,Sweden,IG,13710.044518997893
981017,XS2110110686,10898531.609589037,0.0739211646545826,83.5872304705274,-5434.336309438917,,XS2110110686,Bond,10893097.273279598,0.0025,0.07601084541634578,Bond,Financials,Senior,BB,2025-04-28 00:00:00,0.07671232876712329,0-1,2025-04-28,3.0,Italy,HY,5434.336309438571
981017,XS2119468572,12061824.65751282,0.3703662236340918,596.8141447697269,-76336.47933932772,,XS2119468572,Bond,11985488.178173492,0.0025,0.3852865772533349,Bond,Corporates,Subordinated,BB,2080-08-18 00:00:00,55.42191780821918,10+,2025-08-18,2.0,United Kingdom,HY,76336.47933932766
981017,XS2131567138,9998199.72825731,0.4647580583653471,443.0289024524666,-57523.8888475078,,XS2131567138,Bond,9940675.839409802,0.0025,0.4758337809266588,Bond,Financials,Subordinated,BBB,9999-12-31 00:00:00,7980.049315068493,10+,2025-09-22,4.0,Netherlands,IG,57523.88884750754
981017,XS2182055009,6368569.928078664,0.4120615508845582,361.1430502977993,-17692.410704306203,,XS2182055009,Bond,6350877.517374357,0.0025,0.42109012714200317,Bond,Financials,Secured,BBB,9999-12-31 00:00:00,7980.049315068493,10+,2025-09-03,3.0,Netherlands,IG,17692.410704306327
981017,XS2187689034,18245365.75343125,0.2042262176636068,432.1999322877584,-23394.058007139247,,XS2187689034,Bond,18221971.69542411,0.0025,0.21503121597080077,Bond,Corporates,Subordinated,BBB,9999-12-31 00:00:00,7980.049315068493,10+,2025-06-17,4.0,Germany,IG,23394.058007139713
981017,XS2189784288,8526318.855420833,0.4735890991365955,586.3370056164852,-50876.51796524742,,XS2189784288,Bond,8475442.337455586,0.0025,0.4882475242770077,Bond,Financials,Junior Subordinated,BB,9999-12-31 00:00:00,7980.049315068493,10+,2025-10-09,4.0,Germany,HY,50876.517965247855
981017,XS2229875989,15279016.438304346,0.4469187272390626,968.2119439467475,-116036.80429309495,,XS2229875989,Bond,15162979.634011252,0.0025,0.47112402583773133,Bond,Corporates,Senior,BB,2025-09-15 00:00:00,0.4602739726027397,0-1,2025-09-15,5.0,United States,HY,116036.8042930942
981017,XS2234516164,2864238.7500000363,3.556972704735504,2926.339353314164,-168140.57636121134,,XS2234516164,Bond,2696098.173638825,0.0025,3.6301311885683583,Bond,Corporates,Senior,BB,2029-02-01 00:00:00,3.8438356164383563,1-5,2028-12-25,4.0,France,HY,168140.57636121148
981017,XS2244936659,2888723.4246619567,3.354530474591431,-3364.0184818778303,-159716.86386866277,,XS2244936659,Bond,2729006.560793294,0.0025,3.270430012544485,Bond,Corporates,Senior,BB,2028-10-21 00:00:00,3.5616438356164384,1-5,2028-09-08,6.0,Italy,HY,159716.86386866262
981017,XS2278566299,704752.1917811567,4.43049175386021,1722.3543040767074,-18716.156000811457,,XS2278566299,Bond,686036.0357803452,0.0025,4.4735506114621275,Bond,Corporates,Senior,BBB,2030-01-15 00:00:00,4.7972602739726025,1-5,2029-11-09,7.0,Italy,IG,18716.15600081149
981017,XS2322423539,1017546.4383562478,3.519995982084533,1646.4716004409484,-21730.63879768054,,XS2322423539,Bond,995815.7995585673,0.0025,3.5611577720955565,Bond,Corporates,Senior,BBB,2029-03-25 00:00:00,3.9863013698630136,1-5,2028-12-25,5.0,United Kingdom,IG,21730.638797680498
981017,XS2491664137,-1043479.8630137056,3.6338894812973153,-1830.9742985644157,23085.441427010563,,XS2491664137,Bond,-1020394.421586695,0.0025,3.5881151238332047,Bond,Corporates,Senior,BBB,2029-07-06 00:00:00,4.2684931506849315,1-5,2029-04-06,6.0,France,IG,-23085.441427010577
981017,XS2592659671,-4958022.602739726,3.450863758392183,-7758.125557613763,284487.63600925455,,XS2592659671,Bond,-4673534.966730472,0.0025,3.2569106194518387,Bond,Corporates,Senior,BB,2029-03-07 00:00:00,3.936986301369863,1-5,2028-12-07,5.0,United States,HY,-284487.6360092545
981017,XS2597110027,5153938.356164808,4.2634305170167766,11943.47832613942,-134501.62036686577,,XS2597110027,Bond,5019436.735797943,0.0025,4.562017475170262,Bond,Corporates,Senior,BBB,2030-03-14 00:00:00,4.956164383561644,1-5,2029-12-14,8.0,United Kingdom,IG,134501.62036686577
981017,XS2618867159,-951855.0000000001,3.9955921073571874,-1624.751703250062,24572.452491725744,,XS2618867159,Bond,-927282.5475082743,0.0025,3.954973314775936,Bond,Financials,Secured,B,2030-05-15 00:00:00,5.126027397260274,5-10,2030-01-18,5.0,Germany,HY,-24572.452491725795
981017,XS2641927574,4583931.506848985,2.816130577216561,5173.825385895791,-86789.11020764231,,XS2641927574,Bond,4497142.396641343,0.0025,2.945476211863956,Bond,Financials,Senior,BBB,2029-06-30 00:00:00,4.252054794520548,1-5,2028-06-30,6.0,Ireland,IG,86789.11020764243
981017,XS2904849879,4140630.1371053937,3.9018436894384134,8233.93931727402,-202702.57785253317,,XS2904849879,Bond,3937927.5592528605,0.0025,4.107692172370264,Bond,Financials,Subordinated,BBB,2035-01-02 00:00:00,9.764383561643836,5-10,2029-10-02,6.0,Austria,IG,202702.5778525332
981017,XS2919680236,4970542.191784944,8.317427464384354,42707.20855674758,-255239.63808398345,,XS2919680236,Bond,4715302.553700961,0.0025,9.385107678303044,Bond,Corporates,Senior,BBB,2035-10-18 00:00:00,10.556164383561644,10+,2035-07-18,7.0,Germany,IG,255239.6380839832
981017,XS2977890313,4417953.205479452,4.20125940640656,10026.141304742008,-320361.6766812247,,XS2977890313,Bond,4097591.5287982277,0.0025,4.45191293902511,Bond,Corporates,Subordinated,BB,9999-12-31 00:00:00,7980.049315068493,10+,2030-01-23,6.0,Italy,HY,320361.6766812247
981017,XS2987792269,5971417.808639263,4.241425343291009,13754.94919394662,-318015.4236745045,,XS2987792269,Bond,5653402.3849647585,0.0025,4.585299073139675,Bond,Financials,Subordinated,BB,2035-04-30 00:00:00,10.087671232876712,10+,2030-01-30,6.0,Greece,HY,318015.4236745043
981017,XS3003295519,5713463.013698629,8.105571750004742,45621.13060737734,-284473.55038705224,,XS3003295519,Bond,5428989.463311577,0.0025,9.246100015189176,Bond,Corporates,Senior,BBB,2035-02-17 00:00:00,9.89041095890411,5-10,2034-11-17,7.0,Netherlands,IG,284473.5503870519
981017,XS3004055177,6127008.904171441,5.9920063968037285,26942.786536082687,-247595.1104825422,,XS3004055177,Bond,5879413.793688899,0.0025,6.665576060205796,Bond,Financials,Senior,BBB,2033-02-18 00:00:00,7.8931506849315065,5-10,2032-02-18,5.0,Spain,IG,247595.11048254184
981017,XS3011736108,3430099.726027555,6.663852872123573,18587.186136464014,-140352.64909074572,,XS3011736108,Bond,3289747.0769368093,0.0025,7.1285325255351735,Bond,Corporates,Senior,BBB,2033-02-27 00:00:00,7.917808219178082,5-10,2032-11-27,6.0,United Kingdom,IG,140352.6490907455
981017,XS3025207807,1617740.9246575946,5.8161732196734635,6742.8716038625225,-117423.10508337572,,XS3025207807,Bond,1500317.819574219,0.0025,5.984745009770027,Bond,Financials,Subordinated,BBB,2033-03-26 00:00:00,7.991780821917808,5-10,2031-12-26,6.0,Switzerland,IG,117423.1050833757
981017,XS3032018239,8660665.342467021,3.670648784753813,15080.904514164324,-196787.0858348772,,XS3032018239,Bond,8463878.256632144,0.0025,4.047671397607921,Bond,Corporates,Senior,A,2029-03-21 00:00:00,3.9753424657534246,1-5,2029-03-21,6.0,United States,IG,196787.08583487757
981017,XS3037678862,3684275.0000031833,9.354587753618368,39972.91866426774,-212861.98715563904,,XS3037678862,Bond,3471413.012847544,0.0025,10.35391072022506,Bond,Corporates,Senior,BBB,2037-06-01 00:00:00,12.178082191780822,10+,2037-03-01,6.0,United States,IG,212861.9871556391
981017,XS3037682112,12786432.000000004,8.013387609865513,100776.93592846049,-632024.4024665325,,XS3037682112,Bond,12154407.597533472,0.0025,10.532811008077026,Bond,Corporates,Senior,BBB,2035-03-31 00:00:00,10.005479452054795,10+,2034-12-31,5.0,Netherlands,IG,632024.4024665318
981017,XS3038544790,3494074.076150994,6.736100482391644,19315.29754845593,-144380.0147946144,,XS3038544790,Bond,3349694.0613563797,0.0025,7.218982921103042,Bond,Corporates,Senior,BBB,2033-04-02 00:00:00,8.01095890410959,5-10,2033-01-02,6.0,Australia,IG,144380.01479461417
